"E+ Electric Use (kWh) - BEMCmpMgr 2025.3.0-RC (1083)",1
"Wed 23-Sep-26  01:33:12 pm"
"EplusElecUse",Hour
"EplusTotalKWH"
68.0166
51.3113
49.6563
50.4854
49.9126
56.4946
77.5272
86.4472
99.6617
109.543
144.298
134.359
130.126
96.1777
101.876
86.5849
113.645
127.663
128.679
101.32
86.6064
96.4396
76.7183
60.2851
50.9142
50.222
62.7768
49.8742
50.1033
50.9231
79.4488
92.3237
115.245
123.332
129.338
127.149
98.8696
106.331
98.9895
110.473
108.927
137.349
113.972
125.806
136.431
102.165
94.7424
78.7149
57.035
52.253
51.2159
62.1888
64.6365
52.6701
62.1394
94.7001
86.6006
117.902
143.641
129.443
137.051
127.626
137.64
102.735
120.693
118.981
137.501
123.521
99.3618
108.521
68.5308
81.4476
53.9644
53.5637
52.485
54.3377
61.54
55.5881
77.4104
70.493
91.0178
102.152
122.715
123.324
128.511
119.695
119.046
102.118
102.324
104.625
129.138
103.129
86.8558
89.4675
62.7406
71.9715
52.4138
49.9497
50.6034
52.1317
53.5184
68.5206
72.3963
95.993
114.283
132.461
149.141
132.917
135.062
108.312
116.303
113.7
128.48
115.516
122.581
110.25
133.207
84.2191
83.7318
68.2868
56.309
47.2071
46.1399
46.1262
45.3907
57.7927
80.0394
90.6917
112.888
125.556
127.561
140.226
124.95
106.967
110.985
115.033
127.114
120.477
125.768
117.672
137.618
85.612
88.569
61.4825
53.6867
46.9377
46.2528
49.0214
50.6391
54.3279
76.827
91.5876
92.2345
120.07
110.342
120.071
103.368
106.134
110.707
111.366
115.114
118.564
115.361
121.959
124.591
85.8159
77.5451
53.822
49.6615
47.3191
46.7801
48.0986
59.5477
47.9542
62.6822
95.0897
121.901
131.24
115.147
130.438
106.519
99.7963
98.2164
112.362
108.124
124.506
102.619
128.034
124.687
81.7128
79.6945
56.1612
67.2378
52.2851
45.7903
46.4411
45.7672
49.7548
79.3551
91.1104
115.647
133.013
131.445
131.461
121.665
104.82
100.701
112.368
123.394
116.296
118.513
131.246
135.981
84.6373
95.8481
80.0794
53.8197
49.9837
49.9411
61.8513
58.4267
50.6737
66.9952
77.963
93.665
116.37
142.326
148.017
149.017
129.501
114.449
122.173
118.125
136.623
141.917
115.257
107.701
96.1734
78.6221
68.0771
50.9863
47.3472
45.966
47.2887
60.9214
54.7672
50.2661
68.0277
75.1958
87.4772
113.011
109.103
128.244
107.096
117.949
102.903
90.8924
102.132
123.749
93.9109
89.6871
76.0871
79.4432
62.0485
51.0951
47.6
47.1584
58.3723
46.618
50.562
79.4791
89.2096
105.919
131.56
134.932
128.261
115.386
118.256
109.456
111.54
126.884
123.503
132.519
120.826
129.096
88.227
91.2326
72.4378
54.1801
46.6573
57.3417
46.7692
46.3715
48.4843
77.2519
89.3496
109.412
134.926
120.272
126.801
115.608
119.658
113.479
118.889
121.025
125.497
121.885
131.375
111.565
91.4267
93.2226
62.2902
52.3489
46.6814
59.5372
46.7731
45.3636
49.325
77.1223
93.0197
108.733
126.635
129.568
124.738
127.815
123.32
119.07
133.965
134.533
141.881
125.801
122.343
119.723
90.9251
92.3467
57.8042
51.8153
54.0794
50.5856
47.2822
46.2677
50.8217
78.8869
82.1537
101.516
122.733
124.77
128.789
127.905
127.189
129.212
131.705
130.795
128.704
121.341
133.043
114.062
93.285
78.0784
58.6216
49.9276
46.1892
45.0723
62.6265
45.2216
47.5332
79.0847
80.6287
106.53
132.05
126.686
127.525
135.14
124.331
122.127
124.633
132.754
130.334
128.717
122.821
126.69
79.0355
84.2902
64.8297
49.2021
46.549
57.2403
46.9453
50.9073
46.2685
60.3199
67.4629
96.1709
123.163
147.324
151.017
170.923
148.484
151.08
133.686
145.534
138.183
143.827
119.866
121.033
94.3835
77.6501
56.796
49.7554
46.2346
46.5894
59.4309
51.125
47.2554
49.9793
89.5283
100.947
115.358
117.034
119.737
121.774
123.759
132.975
110.658
123.881
105.515
109.389
88.4381
86.0234
86.5429
65.7533
59.2027
61.5662
48.7119
45.6809
45.4217
44.3071
52.273
62.1283
77.7856
95.1907
120.977
111.337
134.981
132.356
104.565
106.536
100.225
121.29
124.43
114.04
91.0802
92.0496
84.7278
66.0699
68.7375
47.3561
46.2218
44.7863
45.7953
45.3737
54.845
77.0507
92.6971
113.889
117.386
133.427
132.516
139.056
122.518
121.159
124.772
137.676
129.781
125.931
120.156
130.864
80.3574
95.2635
63.5345
49.0707
46.6865
44.2697
46.1145
56.8734
46.5314
71.9702
89.2183
103.149
108.108
132.641
107.433
141.025
110.468
127.312
116.169
126.625
118.176
131.268
108.438
111.46
80.8809
96.1021
69.5928
46.6687
48.2214
57.6013
45.0008
44.2633
47.7393
83.3192
93.0361
105.928
129.647
130.346
113.915
111.011
120.919
105.718
118.353
110.847
127.702
116.502
122.157
105.499
92.4741
88.2317
60.7664
53.6322
46.1174
44.9837
45.117
58.264
48.5945
78.1141
95.3965
117.216
133.79
134.776
119.891
156.885
108.437
127.534
120.813
129.786
140.883
125
138.179
125.817
91.0247
86.559
57.7919
48.4023
46.3619
45.1461
46.9361
62.5558
47.9422
53.2132
81.6453
80.7911
115.923
142.987
149.609
146.081
132.044
134.59
137.831
118.404
135.884
116.081
114.318
102.495
83.5415
81.4524
73.6636
50.6823
45.4797
44.9956
59.68
50.447
46.1959
57.5753
68.5933
73.816
93.1356
137.349
110.2
117.694
107.947
110.617
109.912
94.354
104.868
116.52
95.4716
93.3022
92.556
73.9766
69.6993
50.1223
47.8602
45.0332
47.2286
46.2643
54.8015
78.5329
94.2913
115.096
131.52
134.006
121.843
148.218
116.328
118.126
126.29
130.689
134.576
117.866
137.548
125.697
83.052
76.4785
71.1773
47.831
47.0689
44.7943
47.0323
46.1233
52.395
80.2455
89.124
103.622
133.565
127.819
126.45
125.195
123.303
115.946
130.201
133.482
126.424
124.563
121.034
131.209
88.2662
92.0104
65.6678
51.8318
46.7005
45.6731
46.1122
44.1434
52.2012
79.9104
87.8026
101.993
132.285
127.712
131.225
128.551
118.285
113.062
123.603
123.244
124.526
118.635
115.251
126.116
83.0734
80.8119
58.3474
50.691
46.6597
59.1474
52.2299
46.4231
49.0641
81.2121
92.1292
108.99
123.506
125.378
128.113
137.965
110.251
98.1992
120.246
111.114
131.492
113.332
116.363
138.255
84.3621
82.9856
55.2433
47.3126
46.7479
45.0592
47.1103
55.4295
47.7218
78.2774
88.2125
108.66
131.008
115.444
127.417
121.52
107.509
94.1076
107.321
103.52
132.197
114.844
118.073
125.466
93.6586
85.1106
59.5791
50.9376
48.7107
48.7875
48.7333
48.452
50.5218
69.598
73.2904
92.8918
105.026
139.689
144.178
105.186
125.464
124.862
125.75
106.182
135.938
120.365
104.098
96.5666
83.3629
74.5539
69.1968
50.4647
48.2989
48.0981
59.7156
57.2576
50.4542
52.0927
67.5481
88.1458
86.3637
103.953
96.5417
113.333
88.0561
104.028
88.6015
89.1032
90.2386
107.208
80.7953
93.3993
79.2044
80.6404
59.507
48.9525
45.9856
44.5994
45.4449
46.6582
67.5757
81.3195
93.8288
104.989
127.425
109.675
117.856
98.2942
107.822
93.4309
112.471
108.656
125.744
115.21
133.111
124.802
93.9112
96.9308
73.5715
50.8712
46.6782
47.2601
47.93
46.3426
53.5813
79.9653
89.3315
107.349
122.423
131.408
131.325
143.108
104.654
101.09
114.969
109.422
129.04
116.618
130.561
108.404
95.6693
78.0837
76.1911
54.5181
50.5245
48.9653
47.9382
46.5232
53.5091
83.0118
90.4687
103.644
121.452
112.21
124.738
108.439
105.325
101.245
115.248
115.354
127.168
111.951
111.436
123.478
90.5122
78.7645
60.6039
54.5504
49.1723
51.1141
64.3239
50.87
52.1562
78.3697
93.082
109.378
119.394
108.424
116.977
112.858
104.687
100.831
115.131
115.287
125.201
112.505
113.868
133.67
87.6591
83.541
59.5269
54.9975
50.0094
52.3012
68.4428
51.0045
52.3509
73.705
91.9822
100.608
108.73
134.189
111.937
97.6407
107.759
101.258
112.639
108.769
136.076
112.015
107.418
112.013
85.1582
77.2219
68.8579
67.6914
50.1519
49.5841
50.334
51.6656
54.6685
59.8935
78.5629
89.4862
111.522
136.441
133.486
143.614
115.369
130.696
115.94
108.711
116.32
137.62
108.559
105.956
80.7173
79.01
57.1181
49.633
46.2996
45.9189
46.5854
65.7109
50.4468
51.0739
78.5278
73.8916
90.9011
116.264
123.711
112.678
114.124
112.953
110.714
109.95
105.626
125.862
104.714
93.6477
94.6314
74.7646
60.0519
50.1892
45.2058
44.1765
57.6124
45.5795
46.1993
79.0902
91.626
106.123
132.254
124.24
123.662
146.608
112.281
131.963
118.871
132.434
127.952
110.707
129.34
112.185
89.32
81.2608
70.9248
56.0396
45.091
43.6501
44.135
54.401
45.0907
75.7818
89.7067
115.312
135.656
128.535
136.1
139.92
129.482
114.157
125.838
133.333
128.985
120.329
127.911
122.745
85.8462
72.703
64.7069
51.8196
45.9384
44.2643
43.937
43.9692
49.5825
76.6573
85.4155
104.696
138.773
131.049
132.609
142.256
110.598
123.827
120.316
130.124
133.387
131.829
112.67
125.103
84.1871
87.704
65.8995
47.7609
52.7215
48.9677
45.89
45.1566
49.1324
78.5103
94.8096
115.296
127.803
138.315
145.161
147.856
127.224
124.425
127.221
120.755
128.59
115.358
109.006
114.742
83.0058
73.3418
64.5231
46.9042
45.1583
45.0239
45.4735
45.9673
47.7736
75.0398
88.1927
112.126
118.848
117.218
110.967
119.643
100.911
101.509
102.119
103.614
128.173
112.738
126.477
104.47
93.9619
78.5174
71.8312
51.6851
44.9714
44.4668
44.9596
61.4324
44.7562
52.6967
83.1794
78.4154
111.599
147.813
138.782
136.478
113.062
128.959
120.524
109.491
135.311
142.117
97.446
106.582
97.9126
60.3168
65.3546
55.7182
49.7589
45.8151
46.419
55.5505
45.7415
60.9749
70.1762
91.9217
103.692
131.047
112.355
120.408
106.66
101.311
101.843
93.8475
103.118
110.893
91.6922
81.9005
92.3039
57.9176
71.3207
49.8549
45.7838
46.4668
46.9036
46.5975
56.3069
75.8939
81.8574
94.0433
123.217
150.139
133.321
142.961
131.702
126.906
107.383
91.4169
111.721
97.1994
90.044
78.4284
87.2555
66.6394
71.0811
45.9418
48.7459
47.195
47.8873
44.9562
49.1147
71.4487
89.8548
106.933
124.179
127.411
110.765
110.476
109.086
96.2084
104.401
106.91
114.926
108.8
124.65
117.485
98.8679
73.1421
68.0286
48.0703
46.3612
45.4925
45.1551
45.6471
57.3664
80.3797
90.6909
98.4691
129.022
130.619
125.47
112.52
104.585
98.0918
108.416
111.838
121.213
111.714
114.254
129.002
86.4399
76.4238
53.7083
49.2566
46.3719
45.7416
45.6656
56.5278
45.6102
63.6171
90.7483
108.968
106.876
128.723
124.005
117.867
108.991
94.9111
109.039
109.751
136.654
112.262
129.018
115.086
98.717
68.4299
58.1059
58.8393
45.8699
45.3453
44.7831
42.7402
60.5705
62.5135
87.2186
113.226
134.236
140.699
122.038
112.663
90.3847
110.533
117.418
122.936
124.018
114.637
126.773
112.455
100.123
81.9665
61.9926
64.5391
45.8499
46.4171
46.809
51.3387
46.7924
68.9949
71.9701
85.4819
112.786
146.445
147.588
135.39
122.777
122.216
120.021
121.267
123.847
151.243
126.512
82.5311
97.7281
66.4845
77.3611
56.7238
48.3311
47.7996
48.6726
51.8152
47.1554
56.1928
65.4
82.0266
84.3465
103.536
114.174
113.189
92.7481
107.698
82.8061
105.565
97.2956
122.726
111.243
93.8344
107.505
61.1895
74.114
51.5949
48.2981
46.8044
48.0411
47.6558
54.44
84.5888
95.0654
107.26
137.261
133.914
124.359
112.745
109.462
99.779
111.013
103.733
128.822
117.688
130.66
116.257
99.1528
72.2399
66.7531
46.1732
47.0546
46.7329
48.4873
59.9317
48.7775
79.9768
94.0465
110.598
127.019
131.414
126.178
116.005
108.208
96.36
107.829
108.318
130.477
109.723
125.786
133.416
80.997
93.9507
57.0484
53.4223
47.1674
56.1506
51.9612
48.3231
49.7137
76.6558
91.1249
106.335
116.048
117.262
121.345
99.8617
113.561
98.634
114.936
110.875
125.574
111.834
124.475
110.877
97.2572
87.6095
63.168
49.6168
46.2499
45.3187
57.937
47.3666
49.7088
76.642
93.927
112.67
136.982
141.047
134.44
134.653
116.4
111.828
128.853
126.163
128.813
128.879
133.134
113.61
90.1682
91.2054
66.8414
45.0126
44.9325
43.5675
43.817
55.1795
47.2555
78.9474
88.9298
111.48
135.364
119.686
130.425
150.971
114.463
126.782
114.438
136.786
128.864
121.146
133.986
108.719
90.0129
94.4552
75.5087
49.2553
44.9022
45.2637
50.3637
53.4198
45.1242
49.9523
78.873
87.5142
111.572
145.641
155.021
149.12
134.984
130.185
129.705
125.66
122.953
138.518
118.111
94.914
94.7662
76.9718
66.7678
49.95
44.9395
44.6273
44.2167
59.0378
46.4239
49.4318
78.5844
81.4658
92.3916
110.76
123.42
128.992
94.4709
108.477
94.0267
97.7892
105.537
128.182
109.968
102.222
105.076
61.5039
56.2711
47.4198
47.4701
45.7136
45.6325
58.0354
47.2909
80.65
89.3675
108.29
119.649
117.61
124.84
100.915
107.529
92.851
107.858
100.598
126.643
113.013
125.506
110.667
89.8704
73.6267
72.5744
54.148
45.2152
43.4981
43.6514
42.1964
63.5164
62.2757
85.9135
104.318
120.17
112.747
113.949
116.005
101.312
91.0283
108.263
103.527
117.174
124.253
107.82
123.055
96.4871
78.7975
70.2545
53.9031
48.4205
46.3224
46.1618
45.2106
55.2239
76.4156
86.0995
106.639
124.849
116.586
123.12
110.213
104.157
91.8642
107.231
106.1
118.967
111.088
124.674
129.829
80.6924
93.5463
62.8955
49.5792
48.6897
52.4348
53.2288
46.986
47.6272
72.9919
89.8639
116.792
139.382
126.681
115.816
121.173
103.394
102.228
102.255
114.954
134.388
120.466
125.101
108.451
102.934
85.7553
69.2833
51.8807
49.4395
48.9827
51.0928
65.8054
50.0759
78.265
91.4457
108.73
129.684
134.662
115.373
121.111
103.429
95.6603
111.653
103.708
126.637
119.252
124.749
137.884
87.5115
93.5715
71.3455
50.9136
51.6435
50.5498
49.833
64.5458
51.1147
54.094
78.6263
82.2665
107.01
132.141
139.515
132.399
133.774
111.605
114.335
103.195
120.581
124.785
120.498
103.437
92.1333
72.1124
61.0327
63.9305
45.711
45.7233
45.0402
46.9718
53.8229
82.1393
84.9507
91.3455
108.507
114.84
113.924
107.038
111.879
85.8155
113.247
101.76
110.109
103.671
82.2914
97.0833
69.2791
66.6906
48.3246
47.7829
46.424
49.9502
64.0229
48.9371
72.595
94.225
106.89
119.235
104.314
112.52
103.145
110.133
100.108
113.392
103.117
136.525
116.741
107.511
112.712
81.9325
76.7347
73.9647
63.8592
46.2391
46.3805
46.827
46.2504
49.6305
78.2039
94.2266
111.548
124.487
131.122
124.886
130.336
101.054
116.574
104.033
120.477
128.555
110.817
127.22
116.498
96.5161
73.472
70.4873
47.5775
45.5289
43.3079
44.0112
42.9857
52.0416
79.6939
89.3784
110.313
127.624
115.445
127.477
132.256
115.476
108.738
118.098
113.363
139.938
128.351
117.09
112.285
77.6817
80.0945
58.2775
62.2568
46.9154
43.0807
43.2226
42.0551
46.8889
74.5179
86.7898
106.248
118.16
129.576
111.495
112.439
120.703
108.044
124.505
124.127
129.516
116.02
133.966
111.729
84.9941
76.9576
61.4111
48.5865
44.7737
43.9366
44.2022
43.2972
56.581
66.0414
86.6846
101.391
115.761
106.667
122.168
118.917
108.393
98.9452
113.152
114.862
121.864
113.467
128.524
112.747
85.8931
84.5564
59.7358
49.1973
46.182
56.1427
43.9909
45.0451
44.8303
56.2799
80.8004
84.3314
111.371
133.673
138.298
161.182
137.74
157.655
138.096
126.275
147.381
144.458
110.39
83.7416
88.0624
69.3778
55.8024
45.7149
45.2217
43.7711
44.2155
47.2156
44.5096
61.3308
58.2842
85.6761
87.5781
105.568
111.846
118.188
105.391
101.631
107.522
96.5504
97.6547
113.062
101.343
99.4268
83.568
74.5925
62.6434
50.8921
44.8752
42.9943
54.014
42.5275
44.6555
66.0934
89.8727
103.019
130.628
131.503
107.656
134.883
116.549
101.934
110.803
115.688
128.468
122.367
112.757
120.797
87.764
90.584
63.7895
50.4871
44.5717
43.9007
44.2876
43.4118
55.7436
67.8452
89.3176
104.24
125.641
112.463
120.84
133.024
109.867
103.275
115.44
117.799
134.138
118.023
130.438
111.951
84.5186
60.5513
63.1527
46.2647
44.1886
43.0835
43.293
42.7033
57.9398
61.825
89.1798
108.922
137.899
138.427
126.553
130.044
120.666
119.001
120.669
124.238
136.548
130.782
123.079
110.279
94.3001
105.056
67.8258
46.5717
44.7498
42.9291
43.3555
55.2718
44.6529
75.8291
86.5243
111.045
123.223
124.455
119.862
132.849
106.94
125.377
110.242
133.034
128.609
128.224
114.185
127.104
83.1845
85.391
59.8783
46.3475
51.0626
48.5032
43.8536
43.1333
47.7205
79.9065
89.3014
109.738
122.468
112.958
127.736
124.679
111.115
119.987
122.077
130.282
122.531
133.75
115.412
134.77
83.7789
81.4873
58.436
45.7417
45.0892
43.6537
43.8676
56.2272
51.6952
49.1029
76.6654
83.5056
105.886
134.843
124.88
138.357
113.267
124.171
124.406
116.746
124.925
144.022
98.985
104.996
84.6249
74.5877
58.0362
46.2256
44.4963
43.2064
43.9415
44.8209
56.5429
47.4405
75.1157
88.0494
101.359
107.332
126.5
115.234
108.949
101.884
104.279
104.229
100.239
114.386
87.8481
101.208
88.3466
74.4374
62.1932
50.0471
46.2609
44.6542
44.7655
45.4004
60.1718
63.124
88.5026
104.934
122.276
126.326
116.954
130.577
111.418
101.353
118.175
121.36
133.668
117.732
118.132
124.917
91.5189
74.7832
62.1747
52.1242
45.3545
49.8868
47.617
41.6916
46.2307
75.467
84.5138
106.13
130.253
120.577
116.687
131.609
117.69
97.9884
112.059
108.143
129.117
116.754
127.755
122.463
86.1183
76.974
48.9474
46.2199
44.8552
57.5992
45.0028
42.5699
44.2622
71.5725
87.6245
111.131
128.72
128.47
123.019
135.554
101.188
113.565
109.764
130.843
115.262
119.483
111.355
116.218
86.6685
92.159
61.2357
49.5935
44.6432
42.8778
45.4837
48.0449
53.7853
68.4243
89.7157
106.912
135.078
128.556
120.296
123.102
114.224
100.122
113.345
110.85
128.371
114.313
118.923
123.548
88.1631
79.5397
55.3729
47.3302
44.5022
43.9578
45.0418
42.2724
56.3806
57.1395
85.1199
106.316
132.304
127.886
124.983
126.344
108.809
109.076
108.564
116.552
124.204
117.458
109.527
122.512
83.1034
86.639
58.8172
48.9187
44.7731
55.6177
43.7787
49.447
44.5399
49.6511
75.6336
85.4698
114.174
131.14
153.465
120.348
118.862
119.462
102.28
123.619
117.942
116.637
101.434
100.275
90.8361
57.4019
73.6152
47.4528
44.2973
45.6498
45.39
49.291
44.1748
62.6196
62.9319
86.3052
93.4948
113.125
110.664
116.634
90.4389
90.8756
84.9742
96.0855
93.5302
105.695
81.2568
83.4851
67.0132
78.619
56.5328
47.1084
44.9662
44.0084
43.5364
43.3827
57.4148
69.0491
91.5798
114.042
127.851
145.576
123.375
128.622
107.927
103.311
123.526
121.236
125.003
110.744
106.584
120.629
92.7876
84.9531
61.5271
51.6498
55.2618
43.318
44.4932
42.9349
49.5106
68.1747
83.6075
106.029
154.208
146.639
148.711
145.83
132.727
140.079
140.431
138.282
147.21
152.314
111.71
105.624
77.805
72.0156
59.0735
44.3916
45.3709
43.5482
43.1201
53.0012
45.2844
76.0212
86.3244
106.758
116.903
124.284
119.709
114.254
113.504
100.388
115.51
108.263
121.078
101.598
119.07
103.374
97.1577
88.3776
70.929
46.0487
44.2029
43.1191
42.7515
42.7896
50.5993
67.4309
89.659
111.59
124.366
132.752
113.704
130.104
102.708
115.113
110.091
122.347
115.329
108.689
111.512
103.221
83.0122
75.3481
58.4523
48.1662
45.8549
54.1374
47.8878
42.3653
43.9956
73.296
85.4723
104.933
126.644
116.137
117.907
136.706
110.151
112.126
111.722
120.845
121.302
124.132
113.684
117.525
89.3871
79.9556
60.2379
57.7911
46.1827
43.6599
43.5473
44.1537
55.6817
49.5633
78.5293
90.4466
112.68
135.853
118.909
130.409
113.467
122.478
120.077
120.619
120.326
120.987
121.85
110.248
102.623
70.2954
72.5804
49.8703
43.6261
44.2932
43.0833
46.9228
54.9573
45.6227
77.0644
92.1739
96.5709
113.69
118.867
122.17
106.257
106.117
100.91
100.496
89.8621
107.946
109.299
77.5412
95.6383
63.1984
74.519
48.3983
44.1403
43.2595
43.4565
43.0463
54.3221
56.9184
92.4445
112.26
131.88
136.828
123.822
135.509
113.137
103.408
114.884
113.45
127.095
111.699
134.163
106.231
86.9474
82.5928
55.5866
49.6206
43.9743
54.4668
44.8675
41.8733
47.5627
79.4954
86.7695
107.864
130.539
144.496
126.791
144.082
107.898
108.823
114.686
114.289
125.697
117.498
114.914
125.314
77.0425
91.3514
61.5532
60.354
44.5822
43.3775
43.7231
43.3596
48.445
74.0568
88.5418
109.558
117.837
143.047
122.613
136.732
119.308
105.81
124.082
117.966
129.047
117.313
116.883
128.745
80.7637
82.6278
62.3561
45.1548
44.0203
54.8813
43.0496
41.7972
45.467
65.3393
85.1359
106.246
125.805
130.216
141.073
148.134
123.776
141.123
145.036
150.639
160.072
161.279
141.967
139.15
87.2197
87.633
75.1682
56.3864
44.0151
42.9612
43.1737
43.1164
46.7253
66.3646
90.6546
120.417
155.417
150.627
150.646
176.039
138.758
149.338
140.739
164.2
158.752
147.308
146.741
135.869
87.5992
81.9513
58.8139
47.0008
44.8582
44.3308
43.5707
46.8239
55.3375
49.5313
80.6203
89.2111
122.146
147.241
143.543
148.835
140.874
142.347
148.752
147.698
141.697
143.851
121.454
97.9991
90.4689
68.5751
64.079
48.7043
43.7004
43.958
47.3081
57.6006
43.6071
45.3486
69.9353
81.9991
90.9503
105.853
104.285
120.58
94.9689
106.076
91.0603
99.9287
92.9467
111.348
89.6738
93.8137
75.0535
76.2507
61.4822
51.1808
43.7986
42.8761
42.8849
52.9198
45.1276
78.6274
88.9543
114.961
113.515
122.571
113.872
118.503
105.723
119.812
111.27
122.703
129.723
122.586
125.811
132.721
73.7144
77.0364
53.1626
53.166
46.262
44.2898
45.3719
44.7271
49.4535
78.6639
90.1721
116.007
130.751
150.189
147.192
131.655
127.859
124.229
143.5
148.487
155.197
135.815
146.758
141.525
86.8447
72.4627
68.7823
49.9595
44.8994
42.9624
45.3138
42.4267
53.3573
80.1775
88.5285
93.5191
137.371
126.721
133.363
147.449
126.033
122.466
128.036
136.253
122.864
124.955
111.524
113.423
83.68
80.0938
71.1538
56.5655
44.1498
42.5404
44.7708
42.8672
44.5226
75.9575
79.669
92.3184
125.665
121.353
134.183
116.214
112.117
109.798
108.586
112.338
122.023
117.225
115.512
112.708
82.5579
81.5335
63.4606
57.4668
44.0518
42.6207
42.5581
41.4808
49.3769
74.1438
91.3813
114.418
110.009
120.648
101.77
132.815
95.5002
108.365
108.984
122.79
114.771
124.735
108.188
117.155
83.7264
76.5765
54.8437
47.9414
46.6111
54.6743
43.9728
48.3716
44.0201
61.7236
58.1435
79.4085
107.531
146.856
153.561
156.568
135.423
120.381
122.551
130.1
125.616
146.994
124.273
106.63
102.942
72.2833
61
47.4741
43.5907
43.7998
49.4645
50.5307
42.3242
45.4107
75.9617
64.1504
84.9482
124.24
109.888
111.316
94.4528
110.538
95.9597
96.0197
97.0154
108.965
88.4893
95.0821
78.5488
75.6328
62.935
49.135
43.8189
49.2524
47.5774
41.9231
43.9248
68.2834
84.7244
102.771
116.819
113.742
113.658
122.673
114.582
116.214
116.801
123.454
112.456
115.125
105.245
124.311
76.5218
86.0529
63.5081
56.1945
44.1019
41.9487
42.1736
41.7748
61.7122
56.0851
88.3397
106.261
117.529
124.441
125.556
145.347
105.765
117.183
107.842
121.894
129.662
119.241
127.365
103.781
90.772
85.2257
58.0311
47.9019
47.9987
51.8784
45.6095
42.988
44.402
75.6213
90.8245
98.6828
120.211
123.008
116.908
124.941
114.011
113.103
118.399
123.09
130.632
132.94
117.26
127.392
78.1578
80.5195
54.6647
45.3985
44.0546
48.9001
50.506
41.497
45.2445
77.8487
86.6291
107.828
132.001
126.762
129.081
128.617
121.54
106.881
121.978
113.935
127.187
113.62
124.936
113.203
94.4429
79.4202
68.5922
51.1302
43.9682
42.7399
42.7477
42.2226
56.2314
68.0879
92.7934
106.941
124.957
125.706
122.109
119.423
114.235
109.674
114.633
117.308
128.625
122.752
108.167
124.053
84.0647
57.8004
67.9983
53.0971
43.9153
43.0182
43.4409
44.1652
44.4754
62.1549
63.3459
84.555
108.414
143.955
126.117
130.529
119.913
112.042
120.102
119.075
122.348
135.075
116.155
106.417
112.937
60.0602
69.6392
45.255
44.7492
43.6131
56.2744
46.6318
43.1779
45.5426
75.5337
74.3376
90.0066
120.909
116.025
112.578
103.61
107.083
106.862
103.725
97.1879
114.299
96.7291
95.5248
99.0269
57.6376
58.126
56.5273
44.4465
42.8232
45.5914
43.7404
47.7037
75.0694
85.5036
101.435
110.292
117.015
108.367
112.209
102.16
102.968
115.07
120.06
120.725
122.948
124.587
124.33
69.6606
77.015
53.2753
49.7356
55.5719
43.5828
45.7115
44.0847
53.276
65.715
92.8648
106.767
127.981
122.111
127.765
113.191
110.441
104.718
111.703
107.992
125.36
117.935
110.625
111.497
77.3039
87.0339
69.3299
55.5182
43.9156
42.8078
44.6357
42.0191
46.4311
75.9853
91.2811
112.584
125.706
125.619
123.123
112.857
108.256
106.518
118.613
124.014
110.786
114.509
112.174
119.284
87.9009
77.559
67.459
43.43
44.2563
42.6992
42.533
42.7365
43.7912
72.4578
84.6091
106.736
122.966
121.538
111.059
152.178
102.652
117.302
98.491
110.594
121.505
113.713
116.662
119.895
85.1756
76.0959
61.417
50.3169
55.1712
43.9097
42.0586
41.3031
41.8384
67.2314
85.4112
109.71
142.067
138.433
139.856
131.086
106.657
120.988
110.549
124.465
133.46
125.008
121.451
140.816
70.2395
79.8633
61.9312
49.3042
49.3914
46.895
43.0708
50.0626
42.2192
59.5918
68.6798
89.83
110.871
149.879
148.518
143.802
125.417
144.529
142.802
130.615
147.631
156.549
111.849
101.168
85.4505
66.1577
63.9827
47.2788
42.9776
43.631
43.7047
55.9677
43.1885
45.1761
67.9281
70.5268
96.9191
134.957
131.483
142.651
123.829
135.65
123.282
124.871
126.49
148.73
96.5051
96.4044
94.6857
57.4359
63.1942
44.7347
43.8017
42.3483
43.7222
51.9006
44.7235
71.9595
88.0583
113.873
134.441
153.105
145.456
138.236
125.298
120.011
131.254
133.532
132.526
126.069
111.923
129.233
84.1693
87.7556
57.9075
44.4354
43.8927
43.1459
42.1166
41.8343
48.3888
63.5028
85.8457
108.017
103.203
114.188
120.712
125.105
116.877
110.366
110.786
122.779
128.149
129.16
111.401
109.698
78.9634
70.887
52.4673
45.8103
46.978
49.8374
42.0596
41.656
42.7444
73.0291
84.9154
97.938
124.107
124.205
130.957
122.654
106.291
103.993
108.495
121.19
109.483
105.056
113.688
107.623
84.0905
74.0225
52.6548
51.1579
42.8761
53.8853
43.6124
42.2521
42.8393
72.1375
90.5113
110.165
119.847
111.64
110.726
140.366
97.1422
112.156
95.4335
112.587
112.338
101.405
117.678
113.92
73.7322
78.1738
62.4852
43.7631
42.6967
43.0365
42.0365
52.546
41.9818
68.9362
75.06
101.646
110.112
129.316
121.253
117.983
109.469
97.8875
114.916
120.862
124.351
111.331
107.066
108.649
73.3963
69.7652
51.6177
61.5789
43.1445
43.3239
44.2108
52.1966
53.4459
47.642
74.2269
90.4615
119.47
149.316
128.705
137.537
125.079
114.85
120.509
111.397
130.218
114.856
105.516
90.8202
80.6579
59.5422
62.1676
48.1393
42.5083
41.7832
42.2024
50.949
47.0439
44.5174
67.4954
73.2232
89.6085
108.641
93.8644
122.436
95.7535
115.137
100.371
91.0516
102.664
130.204
95.5164
90.5624
81.2908
73.318
60.3106
44.3666
44.3532
42.2048
42.3211
41.3583
47.3672
64.8123
89.3128
108.729
120.256
130.344
118.024
122.258
116.576
104.577
120.649
126.208
126.515
114.033
113.725
103.907
78.1147
75.5665
51.4202
44.8947
47.1743
50.049
43.9648
40.9164
46.2585
75.8951
89.3885
107.824
115.956
132.457
111.36
122.367
115.416
104.846
118.173
117.166
121.229
121.328
116.616
118.372
83.0194
69.2198
62.3753
44.7333
43.629
43.0464
44.7891
53.4939
43.6382
73.8241
95.5968
110.293
108.396
121.606
127.196
137.126
109.805
100.239
120.845
115.842
121.961
122.115
111.978
104.143
83.7637
70.506
73.3948
50.0992
44.4249
42.1744
43.3642
42.4722
54.1823
59.3998
87.2325
111.262
119.919
126.543
117.49
133.976
102.58
115.925
113.113
110.755
134.205
121.494
107.477
122.428
79.2073
80.2188
53.801
48.3231
43.9577
42.4741
52.0849
41.4056
42.495
71.9341
86.815
105.807
120.076
114.869
123.621
103.74
107.041
95.3965
108.746
107.812
123.395
112.126
109.372
116.847
76.1508
85.6406
59.8412
43.7405
46.7882
49.3486
42.7717
45.9445
43.2901
53.6808
65.2062
89.2887
109.357
145.834
138.235
138.951
130.746
133.147
122.364
122.597
110.21
123.135
91.7632
100.314
75.0571
67.6179
57.6908
47.7373
44.1919
43.0058
46.0029
48.4553
43.4226
43.8348
61.5958
68.3534
89.8877
118.382
116.551
100.942
114.371
94.3483
111.745
103.604
96.4425
109.924
89.1365
77.821
73.0805
65.2423
70.1863
50.5864
44.3515
42.0993
42.0838
41.1076
44.2926
76.2669
85.3569
94.9216
116.793
128.643
114.141
129.954
103.142
118.124
107.809
128.059
120.719
140.6
110.923
125.761
78.9804
77.857
56.4671
45.3652
44.5733
52.7845
42.0605
41.6206
43.3385
77.512
80.7507
105.058
118.042
128.697
130.203
127.304
122.121
124.136
121.017
144.134
144.061
145.659
135.488
136.308
98.2083
67.2952
69.0738
47.6953
44.4043
44.0069
44.443
40.9569
54.1069
58.4445
88.0596
119.076
139.726
162.158
166.164
167.796
141.785
144.082
148.612
152.415
164.903
161.503
143.687
130.06
102.99
76.0923
81.1294
53.6881
48.2135
44.8417
43.1808
42.0126
46.5969
76.7119
91.2215
111.592
142.738
161.754
162.198
161.099
151.633
142.181
154.078
155.735
159.751
156.854
141.149
133.567
81.9795
83.3988
58.1483
45.3867
54.1037
41.7969
42.0151
41.8191
43.6473
66.5088
88.9552
103.092
125.952
140.417
138.441
136.354
133.651
127.168
133.531
154.715
136.31
146.084
129.49
128.593
90.4808
73.2528
58.3127
50.0509
50.0162
46.972
43.0107
41.5228
42.8272
52.4743
71.6595
92.2948
110.243
151.051
140.153
139.35
137.078
135.594
139.227
136.047
145.066
156.278
116.44
103.821
84.1542
66.4865
56.0828
46.7373
50.6388
45.9944
42.6032
50.2853
42.4035
60.2351
61.5698
89.1203
95.9006
105.099
118.611
119.747
111.382
104.072
104.653
107.594
103.937
121.607
86.0743
98.1224
93.5508
56.052
52.3451
55.9312
43.5379
42.4047
43.5902
41.9765
48.8792
60.3575
76.7527
93.7489
124.366
122.694
125.311
120.723
100.683
107.568
99.341
110.78
123.308
116.573
74.5564
84.8132
73.8634
72.7901
56.8039
43.8742
43.6468
41.7253
42.4976
41.5894
49.2875
62.1951
87.1375
106.767
118.306
126.047
126.378
123.822
109.715
102.134
118.315
117.526
123.379
115.358
117.4
127.228
77.3087
74.0413
55.0027
42.9971
43.2036
42.7377
51.2266
41.3343
43.2349
80.7767
92.1994
104.209
136.765
133.28
127.85
121.708
110.597
99.848
111.384
119.65
134.409
117.189
127.916
128.544
78.5079
72.2384
59.4488
45.2249
43.4437
54.5352
43.685
43.432
44.7575
78.9197
91.5783
97.5512
119.738
134.656
129.363
122.299
112.053
125.964
120.221
147.055
132.131
127.61
131.425
109.195
91.4583
77.4079
68.3063
44.4131
42.9801
41.7031
45.4604
41.0057
54.1093
59.2017
85.9666
114.353
148.712
144.979
126.91
132.312
109.382
112.842
122.51
139.333
121.206
132.602
115.729
113.08
87.2177
74.9005
71.8741
46.4298
43.8919
42.6513
42.589
43.6919
42.2854
62.5032
79.58
93.0428
118.441
133.063
145.914
139.866
134.641
131.924
129.809
129.116
122.774
132.406
93.2554
104.896
101.185
57.1791
54.0464
44.3928
53.5346
42.3033
42.8866
52.0816
42.9574
58.0177
59.0931
89.3131
91.1987
110.323
110.696
126.637
102.863
98.2257
106.003
93.0483
101.724
126.945
91.7966
83.6894
81.0034
67.3563
55.7034
46.1203
42.1775
41.214
41.948
40.5207
54.3852
65.4051
93.8713
112.038
106.317
124.079
121.552
113.926
119.938
118.58
125.242
134.582
132.522
127.657
111.383
107.075
80.1281
71.673
69.0094
52.3863
43.0493
42.9546
41.868
41.0602
44.9369
79.7811
92.3196
102.533
133.993
144.321
144.632
149.81
124.831
127.704
128.476
134.058
149.242
144.047
129.846
124.093
72.5944
75.6108
51.5158
46.3112
42.9901
52.9297
42.6383
42.3178
42.5813
71.1919
85.1091
110.111
135.887
127.525
135.251
155.549
126.306
129.266
138.081
158.24
167.752
152.183
132.333
125.002
82.5172
79.3151
56.3924
43.3884
42.7944
41.3033
41.7317
50.8159
42.1215
69.3972
85.3262
97.5053
129.569
126.114
128.837
141.575
116.418
113.317
133.481
134.955
152.564
138.919
111.567
115.174
70.4154
77.8136
50.0401
45.4452
43.1937
41.1118
41.7472
41.0644
54.6995
71.9688
89.536
96.6589
124.318
106.641
115.67
105.521
103.81
107.705
114.264
124.579
119.414
117.218
114.185
119.586
83.0343
73.5813
59.3849
47.4433
42.7734
53.4922
43.6577
48.0367
42.174
53.5779
70.3183
89.0748
115.512
144.635
154.292
141.124
134.413
132.651
124.774
122.139
127.02
146.315
99.0663
95.4604
88.9216
64.8651
65.4553
45.7074
42.4894
42.44
42.6158
49.9485
52.3673
43.8682
67.4752
69.6004
97.692
127.623
123.5
99.3917
105.87
103.797
104.322
106.069
104.661
116.561
87.101
81.1678
83.0892
58.6213
73.4733
48.496
42.8454
41.9495
42.6083
42.284
51.8026
61.0276
88.0025
91.5407
120.636
129.605
115.259
135.98
110.084
122.182
111.839
121.481
138.478
128.402
124.079
115.235
84.2946
58.4864
65.1781
50.1571
42.6434
41.7996
42.5727
42.2285
49.3548
70.6716
89.5479
89.3232
126.824
122.445
114.934
120.08
107.554
119.754
113.693
128.518
141.318
122.459
121.568
127.083
79.1655
66.3807
51.742
44.7341
44.2172
53.204
43.4102
41.2457
42.6742
69.8459
85.0527
100.825
111.142
123.147
132.4
129.219
121.488
115.8
133.314
144.056
134.857
128.208
132.14
124.341
83.9278
86.6856
62.2049
48.1759
50.0587
43.8948
41.406
40.7987
45.6055
76.2488
88.8483
108.054
129.352
119.866
116.926
132.298
112.937
108.049
113.874
115.904
122.302
122.492
121.978
137.697
75.5509
87.8353
64.4255
61.0329
44.3376
41.5126
41.6957
40.5454
48.112
63.6823
90.0231
105.838
115.216
107.896
116.048
124.805
110.063
112.342
108.077
116.303
134.611
131.962
116.781
110.651
75.2665
87.8047
60.7539
44.8674
43.2269
42.3258
53.6542
50.6763
43.1862
49.289
76.2758
80.689
112.382
131.367
145.773
139.729
120.443
128.976
130.25
122.99
131.544
148.191
112.73
99.2702
87.0011
69.2029
57.2345
48.1675
42.8049
43.8445
42.618
47.7462
42.8394
52.6738
60.0867
78.3516
87.6135
121.843
91.9485
110.448
91.5595
96.1081
95.0515
87.076
109.584
116.76
84.6785
73.5866
66.8496
65.6658
56.1643
45.0598
43.6506
51.9932
41.7509
40.3496
45.5734
68.4194
86.5864
112.022
131.026
113.501
131.015
136.116
115.434
112.272
120.14
119.4
134.418
126.581
115.741
127.117
85.9529
82.5014
53.8256
49.2199
43.1602
41.6074
41.8171
41.5893
48.2479
61.2584
80.3293
104.438
125.242
131.809
123.109
120.745
115.69
110.683
124.552
134.996
126.621
141.484
117.634
125.171
83.8571
67.3365
51.9594
46.7451
43.2529
51.5251
43.9147
41.2173
43.8911
67.8764
90.559
112.642
133.406
140.248
146.13
162.743
130.61
122.307
146.648
148.434
158.229
159.502
139.537
127.689
98.5433
79.2789
68.5473
45.4738
43.1761
41.9612
42.934
41.1651
45.008
68.1695
98.0067
113.494
143.68
159.729
161.632
164.245
143.659
149.923
140.899
160.414
157.461
164.098
153.599
137.591
101.189
83.9095
58.462
52.1633
48.0572
52.3852
49.8704
42.6529
44.0484
77.8779
94.1941
126.632
174.005
192.922
175.248
181.382
158.66
168.939
181.072
181.281
193.064
182.243
161.212
154.481
106.677
90.0311
67.823
54.0882
54.2809
51.4221
48.7715
49.4774
46.7703
77.3474
88.2212
127.507
166.144
197.013
187.79
193.652
177.733
187.481
186.536
195.869
205.114
204.488
173.962
141.301
116.855
85.5595
80.848
60.4786
48.6876
48.7158
48.5828
49.3316
45.8592
64.7258
75.2821
113.577
128.075
152.542
155.801
138.839
148.551
142.502
128.734
146.827
141.387
143.646
109.781
94.1159
98.5428
76.1506
71.3501
52.536
44.853
41.1114
42.7669
47.5415
46.7881
67.0755
93.2494
108.148
153.527
162.374
157.224
149.625
149.829
140.375
155.692
150.691
166.105
154.343
135.645
123.123
92.8698
68.0703
78.2599
46.9722
44.1644
43.6087
44.2294
42.8412
53.4749
83.1971
98.246
134.039
146.783
158.645
144.821
157.483
135.7
146.075
137.561
158.699
156.435
146.792
154.662
123.471
85.0275
65.6571
55.7532
43.4861
52.412
43.1942
46.0068
43.5321
45.9294
69.1551
93.449
112.077
131.268
141.592
132.867
137.828
133.148
136.677
139.825
150.06
149.889
149.299
142.587
127.867
97.7546
64.1224
70.9044
48.3929
45.1323
44.3267
45.8237
52.6218
42.8598
78.4245
92.8467
108.963
134.251
145.579
144.983
149.92
133.94
138.277
143.948
153.917
155.218
157.681
142.908
139.851
84.6165
76.5242
56.6733
45.8272
45.69
41.9301
44.4795
51.5483
42.6894
69.5733
97.0779
111.87
146.898
156.85
155.936
144.737
142.856
141.272
145.999
155.009
161.032
157.942
136.046
124.457
89.9836
81.3338
76.871
49.334
44.0933
42.7088
43.0087
48.5731
43.2351
65.3262
78.1698
90.481
120.113
179.89
183.948
201.767
173.705
181.423
174.26
192.792
176.55
179.532
146.064
99.8701
94.7292
74.3797
57.7439
50.1803
45.235
43.5904
44.0277
53.401
52.6668
45.9153
71.9225
91.8936
129.692
154.893
146.523
141.965
142.547
145.86
141.367
147.572
127.523
136.861
105.245
94.269
96.8632
60.8729
74.5474
46.8303
44.1427
42.0025
43.2071
43.0614
52.5823
72.4148
103.456
113.179
153.572
159.697
165.71
171.559
149.741
145.376
146.785
162.577
158.104
164.363
151.196
117.958
94.0654
83.3918
61.9819
43.8194
43.119
41.4386
42.6175
50.5778
43.0276
75.2098
106.124
129.222
173.118
162.857
160.153
179.339
143.204
140.869
147.545
160.093
162.085
161.585
141.258
149.167
93.8578
86.9871
77.0327
48.5438
46.2518
45.0246
44.7925
43.8475
53.6666
76.5337
93.6986
125.004
146.282
157.826
161.307
163.348
154.518
156.143
159.694
178.83
163.804
158.449
157.779
146.625
103.512
84.9696
61.6241
49.946
46.0222
43.4487
42.8274
43.6575
50.8973
81.5661
92.2689
113.955
150.696
158.436
163.204
147.538
154.267
151.438
164.096
172.806
177.109
171.753
158.719
150.68
107.785
87.0591
64.6104
48.16
46.3339
44.2739
43.7471
42.3826
52.2688
66.6822
104.349
125.758
186.225
185.264
202.446
179.41
162.391
168.546
162.002
180.171
190.635
176.325
145.919
133.08
93.0594
68.2783
62.5327
58.5213
46.7079
45.8988
45.6118
53.913
43.6103
69.0222
82.6856
95.347
145.406
201.943
188.347
177.795
172.764
164.804
162.433
146.822
166.561
158.565
134.745
113.682
90.2891
80.0943
83.2778
54.1094
44.4048
44.2884
43.7837
48.4925
43.1997
56.827
59.4778
87.2007
115.137
139.73
147.505
150.839
135.676
131.622
137.738
143.736
140.681
146.652
118.195
95.6691
97.4326
62.4831
71.3176
49.0408
45.6955
44.0723
43.4285
43.2882
52.1982
63.4147
85.3629
99.3896
104.775
129.325
132.37
144.585
125.051
127.428
125.716
144.06
130.934
128.777
106.573
93.7311
78.6582
77.4195
61.1808
46.4933
43.5472
42.4275
42.2174
50.8578
43.2906
75.5327
86.1261
104.83
139.569
150.783
146.657
148.121
128.639
136.951
139.365
152.289
147.226
160.491
138.965
125.538
100.461
73.6736
64.539
44.0779
43.6283
43.7036
46.0192
43.5338
54.6111
66.0063
100.399
124.633
138.938
145.372
164.497
170.903
137.629
154.402
138.364
153.349
156.368
157.484
147.034
120.619
98.4363
69.4139
69.7107
57.6427
45.6958
43.3276
45.8522
42.2375
49.362
69.5077
94.2912
100.277
137.422
143.883
146.142
142.062
137.305
134.267
147.894
153.336
150.701
157.36
138.23
126.487
89.4262
58.5336
69.2649
47.8553
44.2574
43.4746
45.9444
52.3681
44.918
78.4785
93.3227
102.133
132.458
140.739
145.223
143.905
143.358
124.796
145.121
155.434
150.596
143.133
118.644
129.021
89.6605
67.9158
67.4324
49.5107
44.0825
43.723
43.1547
42.217
44.2507
62.9522
60.3123
85.6925
112.074
141.137
148.535
144.678
143.052
141.366
143.76
136.213
154.867
149.951
118.247
92.6042
91.1773
64.3949
66.0749
46.8163
43.1953
43.6339
43.4008
50.73
44.1889
55.63
64.1505
76.6296
113.666
137.817
135.917
126.687
120.526
127.795
127.461
125.077
138.319
125.806
107.763
99.5665
93.15
58.795
67.5812
47.1803
43.8904
41.9489
44.265
47.9725
46.6518
68.6811
102.239
129.78
148.762
160.183
164.182
161.884
145.831
145.513
153.269
157.914
165.121
154.126
144.421
134.603
98.2486
87.8341
69.2554
58.6478
44.8483
43.3647
44.8838
51.8991
44.1039
76.4961
97.1005
118.525
143.028
160.125
160.096
154.741
149.087
160.375
155.42
170.987
161.968
141.461
142.963
135.495
94.1121
76.0116
76.0361
49.9542
45.7678
44.092
43.3401
42.095
49.9266
73.5638
107.183
145.127
147.2
154.967
161.604
158.081
146.228
135.366
152.893
152.813
164.336
159.291
150.821
145.77
109.592
71.148
70.502
46.6283
43.7176
42.2503
47.8093
41.8508
54.7154
76.4391
98.6672
127.223
136.687
141.384
151.729
161.555
129.453
142.428
146.325
146.349
162.737
159.783
136.543
134.524
86.1497
77.4581
55.8295
46.3488
43.7654
48.2901
45.9957
41.4295
43.0625
72.9767
83.934
91.8998
119.252
130.812
131.897
139.565
137.153
133.368
140.348
141.346
160.067
152.298
137.753
134.196
82.6441
76.5945
64.2329
51.2749
52.1918
46.9517
42.8653
44.045
41.9157
64.3954
72.8069
96.9775
130.011
166.857
170.987
173.323
162.415
145.444
150.875
153.507
162.031
173.752
135.405
106.325
98.0718
84.8072
75.5034
51.3265
45.139
43.0896
43.3938
51.154
48.8579
45.1674
68.7832
101.372
112.781
131.19
147.092
147.619
137.219
138.941
142.706
142.849
134.994
157.958
118.78
100.451
102.824
78.9471
67.09
48.5373
44.2382
43.4807
42.8873
48.1295
46.6442
80.7982
92.0075
125.596
145.415
150.537
161.365
152.237
136.016
143.483
145.057
161.334
152.523
159.861
133.304
136.492
85.3464
73.2507
68.3552
52.62
45.2691
43.5544
43.8244
42.8501
54.0165
66.3537
92.8919
98.2053
116.411
132.725
142.215
147.893
139.662
132.072
149.325
151.514
162.559
151.202
131.576
126.701
93.0393
79.4461
60.9718
48.0621
44.6264
43.7192
48.811
47.8391
44.6522
75.968
100.613
118.803
146.766
164.981
162.101
169.644
145.248
136.415
150.167
158.487
157.147
152.488
130.498
117.988
93.0979
67.0211
73.3457
50.221
44.3027
43.1997
42.6992
42.1201
47.5556
75.2537
97.8911
124.957
137.615
158.762
159.118
148.289
154.853
149.738
163.632
164.042
174.717
161.093
143.98
137.454
100.859
73.3205
77.5567
53.0144
47.231
45.483
44.2563
42.5566
56.1161
77.4166
97.0438
125.682
155.216
152.751
152.568
169.619
141.92
146.023
147.03
161.272
158.04
163.17
148.841
145.028
96.9622
90.8535
68.4023
54.5707
45.321
54.7866
45.181
44.2939
43.869
64.5419
81.0221
111.679
130.293
188.838
176.162
174.268
177.293
160.886
160.842
152.23
166.79
172.246
133.501
116.584
118.065
74.6958
62.9791
52.4126
44.6239
44.2913
43.9448
51.4833
44.1647
46.6624
72.08
102.123
119.946
128.902
146.936
175.081
138.907
141.931
144.757
140.224
150.539
166.925
120.981
99.8838
84.6229
76.2347
60.2064
50.9692
46.3507
45.1397
44.4966
52.5298
44.712
84.904
104.326
129.143
159.801
171.065
175.043
171.611
166.17
148.594
162.705
171.786
166.326
156.742
166.321
147.642
92.275
92.1571
73.5208
56.2164
46.6649
44.2084
43.915
43.0368
46.0915
72.709
104.077
120.712
151.565
166.89
163.081
167.493
154.533
143.166
147.084
159.558
166.6
149.504
153.962
147.936
80.4274
79.921
59.3789
51.7587
43.9872
52.1238
44.5462
41.7415
43.6945
81.9016
104.989
129.852
146.275
153.111
154.133
144.348
139.385
134.494
152.085
156.281
162.232
158.467
145.687
151.732
88.0315
85.0938
61.3187
45.8521
48.808
51.4728
44.9945
44.7691
54.6139
71.8147
103.891
121.736
139.085
150.653
138.348
162.731
144.178
145.023
152.701
149.8
164.008
164.759
138.74
125.527
93.9018
83.3601
65.665
50.6641
45.6882
43.6366
43.6336
52.2577
46.0843
71.1288
95.3053
108.067
141.237
148.784
154.319
160.546
143.009
140.139
149.402
148.494
162.708
151.763
142.454
135.53
101.122
82.8522
79.6378
47.1252
45.1432
44.2292
44.3681
49.0352
45.0731
64.3886
65.2839
93.3318
127.764
167.596
177.933
172.034
149.93
157.448
156.215
148.125
154.929
150.998
123.34
95.0678
96.1207
67.3624
55.1602
47.2815
43.7017
43.9296
43.6513
54.1343
43.5991
45.4222
70.0976
78.5626
97.2344
119.646
149.977
130.801
129.922
140.57
121.222
131.435
129.715
133.561
107.196
102.108
102.411
61.9543
63.4479
49.185
44.0818
43.475
43.2613
41.4089
57.574
62.0232
91.7031
105.827
139.917
152.844
155.173
163.199
137.579
146.453
147.267
161.289
160.275
146.465
155.171
131.351
94.8201
72.336
61.2549
51.2219
45.3163
42.9493
42.7587
41.0558
53.6688
78.3864
94.6647
112.6
143.716
142.998
143.928
155.993
143.451
137.386
147.774
152.623
153.208
160.382
141.755
135.576
94.4054
72.2038
66.8251
47.822
45.0052
43.2704
42.8941
41.9052
49.1734
76.2805
93.5107
109.619
139.004
150.536
150.777
171.68
135.484
140.046
148.03
163.611
155.508
163.094
142.233
134.444
97.4334
74.9299
64.3852
48.6953
45.5865
43.2936
43.2951
44.1069
52.4789
77.7994
82.0292
111.47
130.578
144.167
155.371
141.574
147.904
136.141
153.996
155.488
159.138
155.553
144.887
135.645
92.7002
85.3841
59.9284
50.1911
45.4241
43.6834
43.2789
51.3459
45.69
70.4491
89.4448
103.789
131.667
150.015
149.781
144.65
138.637
139.365
144.985
149.181
154.988
153.825
137.354
135.689
87.7782
73.3197
57.1673
57.336
45.1294
44.688
43.7772
45.187
43.4207
61.3379
75.539
100.331
126.972
154.785
168.73
163.176
154.556
154.226
155.924
162.151
157.519
161.743
125.437
117.783
109.401
69.2149
74.7727
49.4566
44.5731
43.8693
44.8255
48.8347
44.5589
57.9562
58.2531
92.7413
117.19
132.214
139.398
152.766
140.893
133.375
135.125
136.201
128.766
138.324
102.974
104.049
103.104
61.5276
69.0766
48.4867
45.7402
44.2735
43.4049
41.8652
51.5148
68.8874
90.0069
103.446
143.259
146.178
144.763
151.73
141.848
148.627
140.421
160.954
156.655
160.883
146.971
142.561
97.6462
88.1277
65.3918
48.4634
44.1826
45.2681
45.2785
54.0656
43.9313
70.1348
96.6726
113.447
140.201
155.58
159.496
160.284
149.315
144.45
149.536
165.823
160.482
146.76
147.947
121.253
84.9267
70.4909
56.0028
44.409
45.8015
42.3474
43.1319
50.7456
44.0091
76.7746
98.0696
103.539
121.999
139.86
133.968
136.497
142.555
136.351
149.901
151.196
162.421
150.356
130.952
126.033
91.459
77.5189
72.3418
53.6509
47.2612
44.9343
43.5879
43.0611
50.9318
74.3311
92.2922
124.238
130.258
125.19
150.848
158.032
129.034
130.683
146.085
153.98
149.802
152.493
136.483
132.805
87.1026
68.5627
73.8104
49.358
44.9021
43.2482
43.1414
42.8013
49.149
71.5589
91.0411
103.308
122.407
114.801
130.499
145.578
124.83
127.692
131.751
139.2
149.431
140.245
128.765
129.648
90.8652
91.0011
64.0677
50.1191
43.9729
43.268
52.2324
44.2793
43.6496
54.2865
79.0696
89.6182
120.726
112.301
146.391
148.544
142.177
146.466
147.244
142.706
149.523
151.471
123.475
125.289
112.743
65.7459
73.8189
48.3676
43.3206
43.6879
44.2432
58.1456
43.4128
46.2077
65.837
82.8133
83.0804
101.737
116.573
132.141
106.416
122.782
120.482
126.854
128.078
146.184
99.1906
81.2566
82.2504
59.1145
67.2748
47.5513
44.2459
42.4445
44.6867
42.2274
53.3368
62.304
88.5719
107.061
112.006
131.981
144.013
140.868
121.531
115.925
134.519
140.652
153.762
153.744
129.84
125.642
94.8446
73.293
63.148
47.8827
43.681
43.3664
46.7674
53.7149
44.6208
66.349
92.1712
94.2833
122.568
129.923
122.523
135.018
130.416
128.716
141.64
159.448
137.357
141.727
133.919
131.575
80.3048
79.0335
76.677
43.3912
43.6283
42.6008
43.4167
41.9751
48.5668
63.5515
86.605
107.697
121.491
143.848
142.104
128.118
132.433
130.518
141.959
157.055
153.539
146.2
124.845
128.171
86.2178
69.7973
66.8439
47.0215
44.0894
43.5523
42.448
41.6765
48.6238
75.7085
82.8696
110.716
110.021
130.799
144.307
144.648
126.003
128.958
141.46
147.103
151.211
154.23
138.587
128.134
87.6216
76.6885
60.1601
47.8387
43.6555
42.5259
42.5482
41.8962
48.8826
62.1844
87.85
108.322
124.634
128.295
129.82
137.159
123.576
134.297
135.546
159.125
172.636
158.668
138.026
126.994
93.8388
65.2614
69.0862
53.3144
43.5194
42.8829
43.179
46.6906
52.7035
52.3582
80.4973
100.276
124.287
146.973
154.638
165.901
147.527
140.65
148.638
155.024
162.824
174.556
127.56
106.189
102.397
60.1454
74.1061
49.3988
44.1402
44.5166
45.3381
53.189
52.6332
46.2824
72.6386
86.7704
96.5544
125.584
124.599
141.757
133.571
140.811
123.073
130.481
135.203
133.48
112.258
91.2366
79.8598
66.5783
71.0483
54.3583
44.7359
43.9047
43.7598
43.0235
57.0953
62.5927
93.3844
106.583
135.159
144.584
139.117
162.723
147.271
147.314
151.57
155.171
160.019
155.666
146.177
137.788
93.6326
75.9496
71.4006
51.7145
44.3217
43.015
43.7315
43.066
47.6668
71.1171
98.4875
125.332
150.771
166.573
161.453
164.48
161.279
156.788
167.014
167.875
163.079
155.926
149.82
132.414
100.056
93.2298
69.4409
52.8424
49.0326
47.428
56.0396
45.8901
46.3597
75.6246
97.6899
115.842
144.342
167.901
170.476
182.573
155.368
166.221
155.072
172.377
172.009
154.09
138.663
146.439
99.544
91.8859
74.3262
57.8791
49.5456
46.7893
45.6989
44.5622
56.5445
84.6924
103.613
133.356
156.635
170.03
186.884
176.29
169.282
164.98
169.61
164.011
167.917
158.968
141.634
144.469
98.0132
88.9154
87.1452
62.469
50.0179
47.4582
46.1776
43.9913
50.1233
69.8076
102.622
132.246
155.676
175.651
174.503
196.581
156.164
169.465
161.558
173.462
167.593
157.934
150.458
137.1
90.8587
89.1964
63.8072
48.0146
45.6154
45.6899
55.2346
49.6427
44.8183
54.9279
84.9914
109.115
154.226
178.175
183.701
195.6
182.041
194.111
179.636
168.689
175.796
162.943
141.767
108.898
97.2264
83.6394
71.2512
56.2362
46.7425
44.2985
44.2438
49.642
45.4091
57.7615
73.2631
98.7272
120.549
136.694
152.664
160.358
150.795
156.532
148.906
143.648
140.435
150.393
120.215
89.969
99.9286
74.7132
61.7747
49.881
46.127
44.1121
43.4543
42.1796
55.4292
64.7654
96.2385
110.574
137.295
148.308
159.4
169.398
143.352
139.392
148.921
155.62
160.334
150.232
131.57
129.758
92.23
76.7866
58.7529
48.8277
47.3858
49.0738
47.8592
43.0729
45.5275
73.8266
95.6806
102.745
145.774
161.29
164.107
170.178
152.576
159.507
154.497
170.914
157.578
165.946
134.716
124.937
104.045
79.6645
65.3137
50.0297
45.9614
43.9504
44.5476
44.5427
48.6209
79.0813
97.4419
104.984
146.405
164.968
150.009
168.438
135.666
147.623
144.615
167.903
157.365
157.859
143.297
121.157
95.8632
88.9883
68.7639
52.8264
47.9462
54.6212
45.6986
43.5742
48.8459
74.4954
98.4958
123.009
139.967
147.188
150.917
152.176
127.581
140.06
133.717
150.32
146.036
151.64
143.364
131.228
97.6815
80.3501
59.8302
47.3036
49.5297
50.7899
46.0329
43.4025
46.3691
72.5363
83.7737
113.971
144.656
140.879
140.837
158.606
129.499
133.781
135.727
150.889
141.891
144.213
119.315
127.674
90.3674
70.6344
75.4213
50.2668
44.4746
43.1124
43.7199
55.3639
44.302
55.4163
78.4301
92.4956
112.171
132.247
144.799
146.319
140.445
147.843
134.35
152.412
149.106
150.482
106.654
106.101
95.0303
60.4455
71.774
47.4338
45.0223
43.7897
45.2765
44.8939
45.0366
57.7666
56.4735
82.4135
99.2111
124.041
138.319
148.233
127.212
129.44
128.012
135.708
129.517
146.51
109.598
90.8545
98.7317
76.3248
63.1416
59.0891
45.5628
44.1485
44.2022
43.1229
61.7782
55.8877
81.9094
110.565
122.719
124.571
146.987
156.621
147.031
132.61
133.807
158.084
160.195
141.999
97.9689
103.154
83.4641
76.9438
61.8791
60.3402
46.4169
44.4003
44.8455
43.0545
48.3652
69.6194
97.6723
125.595
153.938
149.427
158.462
156.023
132.394
145.538
147.014
156.055
167.302
154.546
143.487
136.006
100.053
91.5591
69.365
49.2296
54.0996
43.8521
43.6831
42.3001
48.2157
70.3864
95.6446
125.207
134.739
148.632
152.288
157.06
138.722
132.906
141.636
144.834
159.322
146.176
139.501
136.304
89.6573
88.5759
64.2504
48.0505
45.7898
55.6074
45.3369
44.4337
45.7945
67.297
98.0953
113.374
142.139
151.738
148.642
144.823
140.441
135.965
154.59
153.423
163.223
145.048
130.942
132.388
99.0045
77.6201
70.8642
46.6692
45.3981
44.3114
44.606
44.1746
55.7566
64.0026
97.4931
120.713
123.807
149.466
155.893
153.288
137.525
128.952
143.604
144.027
156.455
137.737
123.948
133.165
84.0888
73.5538
68.4622
50.0266
45.0244
44.1238
44.5319
47.6729
45.0802
66.6372
75.9252
111.298
116.385
137.362
141.545
153.468
143.668
153.684
138.203
150.79
138.135
139.91
117.924
111.416
97.6254
74.0472
62.5818
50.8443
45.5621
45.5566
55.0211
54.4053
45.6294
46.5502
65.6132
84.4762
100.86
140.276
109.914
119.843
113.366
115.105
115.205
116.761
112.848
120.604
100.036
99.5504
98.9576
56.736
62.8521
48.1765
45.5969
44.4001
43.8529
42.6878
48.7935
64.1619
85.567
107.763
133.82
134.292
134.946
131.294
119.202
110.702
124.373
125.673
135.159
127.098
125.047
116.135
89.7353
81.6108
58.6824
47.5889
45.1307
43.0826
43.6002
42.7876
57.4742
61.8326
92.0376
108.161
137.362
137.916
138.59
162.073
121.977
137.861
128.203
142.729
144.985
135.207
129.003
130.561
96.1012
81.8666
63.4554
47.8458
44.902
43.3731
43.8242
42.6333
54.2915
75.2261
87.4946
109.083
133.085
143.225
148.082
162.273
130.717
121.17
131.047
143.247
159.363
132.777
133.155
134.876
87.0918
74.4733
61.217
61.9451
45.6545
43.1649
43.5723
42.2463
49.4275
66.5321
90.3112
113.837
122.766
140.49
151.152
161.401
133.993
137.477
151.101
167.052
154.235
157.151
134.85
125.623
91.9476
73.9123
60.5905
46.9633
45.309
44.5222
44.1441
44.2195
55.1235
65.0752
92.758
104.494
145.543
145.219
159.324
182.126
147.733
164.201
161.131
170.14
171.044
152.252
144.489
138.454
93.1486
86.7223
80.0841
48.6307
44.6809
44.4224
44.2105
42.7993
45.5224
63.5456
73.3053
90.5777
123.107
142.447
165.3
182.661
155.395
152.289
148.307
137.742
150.667
169.538
136.308
104.284
110.438
85.4212
68.2242
54.0629
49.5934
49.1229
58.7804
60.726
49.4758
54.1493
74.4292
103.169
136.067
171.547
164.602
164.406
143.797
140.055
143.145
135.634
134.123
146.07
108.729
92.4821
105.804
80.1062
76.517
57.6964
52.7388
49.4255
49.6257
48.4439
59.4705
90.9339
108.65
139.572
166.499
177.163
164.682
165.886
155.35
148.416
159.516
163.558
172.988
157.533
148.181
144.758
108.059
90.4972
80.29
53.0392
46.1739
44.64
44.53
44.2362
59.9709
69.4807
98.0267
104.275
128.988
141.144
141.158
141.632
130.434
134.065
144.516
148.515
156.179
145.595
136.3
132.102
90.2233
75.959
67.8916
55.8904
45.6231
43.4612
44.2805
43.5368
48.1379
67.7943
89.7099
111.124
126.054
133.974
147.141
150.49
134.012
130.65
134.137
145.153
150.51
142.782
139.524
131.573
103.084
87.5765
63.3149
55.1334
46.1297
45.4392
45.8436
44.2699
52.4091
75.39
87.0699
104.274
140.709
159.379
147.088
157.607
139.47
138.148
157.805
162.247
161.195
155.49
134.465
127.595
96.1279
73.6298
72.8779
48.77
49.1262
45.4191
43.603
42.9129
47.372
70.0198
95.5149
108.68
157.512
161.738
157.909
185.643
159.696
173.53
161.901
181.777
172.556
166.75
146.263
138.872
103.249
89.0626
67.1855
53.3748
48.8545
59.285
48.3458
54.5824
48.7362
73.7024
80.2427
112.812
155.67
206.995
203.538
225.071
204.003
208.949
195.83
194.356
199.155
205.322
161.203
143.574
125.167
90.6783
73.8927
58.6129
52.1121
51.7925
62.2344
57.1639
50.1977
54.4112
77.3366
106.929
122.811
171.221
159.932
163.1
166.301
171.363
158.105
144.612
148.466
154.102
134.82
105.071
103.325
87.2168
69.7149
60.9387
53.9026
50.5258
49.7488
48.2802
62.6713
86.6421
101.792
138.49
158.433
167.281
170.672
170.937
153.548
162.092
158.872
173.329
175.27
165.264
162.735
153.038
106.683
91.6821
67.0629
55.8588
51.8442
58.9897
49.5827
47.4464
49.3
88.1365
105.295
135.952
173.168
194.832
186.748
187.772
157.525
156.139
170.79
175.406
166.229
149.391
153.606
135.349
103.285
89.2527
65.6788
50.1025
47.7426
45.676
45.2002
44.181
60.0433
70.1946
106.364
125.919
160.538
174.661
171.784
170.606
157.185
147.08
161.915
179.795
158.558
149.311
147.039
135.119
102.673
84.354
65.5741
54.8874
49.5283
46.2395
48.0397
44.6204
56.9535
80.7606
99.2416
109.952
147.488
178.262
184.676
176.857
180.22
171.946
186.885
179.977
185.412
166.969
154.67
150.301
108.161
91.3415
70.7677
68.7711
54.7527
51.1034
50.2226
48.3838
52.466
80.2611
111.344
132.865
160.18
171.641
177.947
201.289
164.655
178.06
179.885
180.272
178.167
167.644
149.985
151.547
108.232
109.706
72.4444
55.0591
56.4364
50.9458
46.9019
51.4003
46.2909
66.4818
77.0206
101.162
121.265
160.727
165.609
174.664
166.407
162.465
163.937
164.398
165.551
170.688
141.354
125.053
107.488
71.9369
76.9633
53.8926
46.0753
44.6786
44.8724
46.0893
46.274
54.5758
58.6334
79
94.5633
120.018
127.4
132.383
123.626
116.417
123.357
113.865
132.651
124.441
94.3975
97.0874
88.2621
76.2332
69.2802
53.1395
47.2709
45.7662
56.2085
45.6988
45.8861
82.5217
82.7189
101.172
114.672
119.84
133.438
124.54
134.684
131.013
146.647
164.598
156.275
138.716
138.339
126.053
91.3221
72.1514
75.32
53.0482
45.7113
45.622
46.1136
45.9112
57.0006
74.8592
89.2432
105.525
134.777
143.657
135.833
148.206
134.624
149.626
145.602
160.122
149.154
139.883
137.769
124.642
96.0991
91.2295
69.2704
53.0346
47.7875
45.5761
45.789
54.7088
46.0761
72.0336
82.071
118.899
140.964
161.23
156.507
168.7
137.422
150.808
163.825
159.423
158.073
153.017
140.052
137.649
101.366
82.1362
63.2914
53.3463
46.2464
44.5797
44.6839
43.4701
56.4145
69.1244
95.8402
103.397
119.536
120.958
133.132
132.908
136.512
131.937
155.592
160.044
152.059
129.104
120.411
119.618
85.5976
78.2723
62.6567
58.77
45.7959
44.1667
44.4766
42.984
47.3237
81.1758
85.2836
105.011
112.73
139.668
135.59
129.279
133.288
129.258
143.668
140.98
143.453
129.632
134.42
142.276
88.8274
88.1166
64.6163
48.9036
46.6874
52.2705
45.1563
56.8824
45.2243
61.4535
69.1877
98.5732
121.804
145.264
140.213
153.057
126.409
142.77
125.093
137.803
148.894
152.381
113.27
118.214
111.428
58.8858
60.61
46.9912
45.4011
55.5253
45.4859
54.4752
46.4802
54.4258
63.5675
76.0427
97.5232
116.529
112.845
110.641
109.848
98.688
93.8388
87.3251
94.305
115.422
85.6077
91.107
91.3171
61.266
70.7592
49.7724
46.14
44.7613
48.434
44.4084
57.8319
62.4641
85.9472
102.396
103.535
99.6991
111.82
118.852
91.2677
88.2342
96.9123
99.395
105.397
112.257
100.145
102.768
86.2586
89.3182
60.0498
59.6044
45.678
44.1156
44.3894
43.523
57.1992
68.7895
88.575
98.7195
107.663
130.062
119.746
124.111
120.311
109.494
128.179
131.035
140.293
127.322
119.87
123.864
85.4407
78.9018
61.3726
46.1855
46.2993
44.51
44.0235
48.1655
50.6928
73.9571
80.4353
103.554
134.11
145.356
147.98
157.2
139.079
146.938
150.5
158.719
155.354
155.869
138.54
148.975
102.409
84.896
63.3924
54.6762
48.9034
55.4376
45.7209
44.0412
46.3696
78.0257
95.5461
115.844
148.142
170.337
163.458
158.015
160.558
151.043
162.958
162.31
163.309
149.761
133.877
141.355
101.744
77.9644
71.902
52.0655
47.8437
44.5995
44.6781
52.6591
46.7888
81.3707
86.1131
110.458
138.205
149.548
145.684
173.559
155.412
150.77
155.585
164.279
154.914
147.467
139.3
129.903
100.582
82.8522
84.5807
51.2317
47.3752
45.6377
45.8046
46.2697
55.5226
55.0807
74.5029
92.144
136.173
164.763
205.18
186.083
187.837
184.314
184.865
186.506
181.528
179.074
148.083
131.484
130.607
87.888
74.819
55.2233
49.9953
50.1503
59.3054
52.3926
51.8839
57.1096
77.2177
96.0624
107.568
129.52
130.512
138.785
134.705
134.332
140.599
131.519
133.069
143.412
116.829
120.488
116.97
79.6799
65.5418
55.241
47.561
44.9698
44.6363
44.1678
57.3522
73.215
100.859
126.508
154.311
154.06
152.585
163.904
131.022
147.075
146.22
147.584
152.463
143.621
130.278
131.876
100.059
88.3019
63.243
52.508
47.209
45.6139
45.9635
44.4907
53.9231
87.7545
84.2765
102.704
125.598
137.58
129.569
130.657
120.484
121.57
128.524
138.999
129.182
141.371
129.626
125.454
97.9622
74.5899
69.9915
49.4308
46.2022
44.9397
44.936
44.0036
55.7022
71.5801
93.7507
115.543
140.334
124.232
145.687
158.332
119.413
132.526
137.55
136.062
145.621
123.666
143.627
126.485
87.8621
85.7936
64.5946
49.6775
45.8019
55.117
47.4817
43.3353
46.5957
81.9859
82.5672
97.3848
123.313
115.425
125.875
127.245
113.289
124.227
117.408
128.792
125.47
135.325
119.621
111.841
98.0661
73.2863
73.1111
46.0667
46.1968
45.2934
45.4703
44.5323
55.2604
73.5547
91.0735
99.4842
133.624
125.811
135.904
138.201
111.699
115.594
111.613
114.991
132.805
123.612
127.073
118.373
82.6574
75.2812
57.6453
54.9857
51.1264
46.3138
45.7279
48.0037
45.4254
55.3629
74.2327
91.522
118.118
128.035
159.147
139.393
122.822
137.437
129.232
126.773
130.899
128.839
115.338
94.8544
97.5965
60.0694
63.6709
50.6431
45.5355
45.1266
45.1789
48.1644
45.4659
60.4668
58.8731
91.7849
99.0211
109.608
121.143
121.351
117.822
118.204
119.586
128.778
118.39
120.058
97.3807
102.405
96.9838
75.8878
65.7097
50.1628
45.5952
44.9766
45.3088
45.0039
51.3723
63.2605
91.7615
112.041
121.02
138.036
142.173
158.091
132.588
145.228
151.428
161.229
169.182
153.282
130.807
126.131
100.208
65.0862
66.2659
48.1493
45.7549
43.8099
44.6344
43.1671
58.6749
60.4987
87.6291
101.212
133.345
147.873
155.22
162.713
137.994
157.856
157.259
166.565
164.027
136.315
140.777
127.988
98.5988
83.5342
69.7824
51.4273
47.4009
45.4187
45.3494
45.3753
51.9328
64.6286
85.0117
112.19
117.488
142.779
144.651
142.517
143.348
131.826
142.898
140.846
151.525
127.622
130.161
144.861
90.0357
83.8403
60.9851
48.1804
45.4354
45.0582
46.0138
53.9561
45.5808
74.6461
92.0796
116.161
128.023
138.424
139.275
151.031
136.907
135.833
142.465
139.973
147.57
133.042
131.763
132.821
86.266
70.9781
63.0674
57.4041
45.3263
44.8229
45.2058
44.2889
58.4112
64.4455
90.0408
107.878
131.172
131.672
130.457
138.802
111.225
130.164
119.924
131.065
134.581
112.535
131.069
119.642
84.7694
82.0382
66.7881
50.2171
45.4069
44.1158
55.6112
52.9926
45.2753
50.4448
75.7011
83.3069
103.965
141.221
131.895
141.632
136.008
134.67
134.226
127.203
130.673
135.847
113.677
114.627
94.994
73.7649
70.3608
54.681
45.8051
45.2314
45.4665
45.6066
48.6888
46.273
59.4311
68.1271
77.5155
114.666
126.617
149.434
139.396
135.908
133.863
128.386
115.756
100.66
124.827
106.392
102.922
102.717
74.5725
66.6417
54.0923
47.4018
45.09
44.7193
43.7886
59.1505
65.1201
87.4624
100.346
122.322
140.546
121.894
130.813
125.216
108.374
123.471
122.221
127.758
132.428
115.454
123.639
90.5527
84.6063
68.969
50.1128
49.2806
51.6415
46.6066
45.0807
48.1057
66.515
91.4948
96.4947
116.605
129.134
112.62
123.343
110.544
108.753
119.622
120.062
128.975
119.268
103.206
121.381
84.4688
77.7798
58.3938
54.725
46.2042
45.0809
44.4515
55.1427
45.5222
74.1494
92.0955
115.445
125.336
136.273
127.541
136.421
105.473
119.41
113.386
122.212
115.933
126.159
118.604
130.125
88.9585
72.2009
64.5494
49.4651
46.1511
44.6175
47.2402
43.8635
58.0309
64.7389
89.5262
104.623
97.8551
111.196
122.331
106.898
118.807
107.446
114.051
116.815
126.103
123.211
120
119.655
85.7903
76.3189
59.7389
50.395
56.2204
44.9667
44.9507
45.3685
46.2665
78.8938
89.3881
108.466
112.777
129.489
117.792
140.904
103.586
109.027
115.197
120.165
115.729
115.152
115.761
117.528
82.0841
78.3245
58.1313
50.3023
46.0329
55.5524
45.5782
52.7353
46.0563
52.7929
75.8814
95.681
112.369
137.584
145.641
125.804
133.445
130.309
113.647
136.787
119.83
118.673
102.373
97.1744
85.9448
71.7311
62.5137
48.7735
47.29
55.4441
46.6664
52.4124
46.2396
59.5464
57.9837
87.4907
89.7981
126.597
115.716
125.501
104.731
107.91
103.845
104.904
102.011
122.803
94.6809
87.2795
93.2666
70.715
60.5339
49.1537
46.2518
44.4615
44.7324
54.7493
45.6204
78.3562
91.2233
94.432
114.622
114.022
114.668
100.548
107.772
98.997
106.201
112.119
130.387
121.12
113.704
122.622
82.8306
84.4337
65.3931
57.0029
45.992
54.5623
44.7422
43.9841
46.1537
74.1395
81.8214
105.385
129.045
126.467
122.404
108.885
105.851
108.641
103.51
113.015
119.621
115.23
121.837
125.653
87.2942
84.073
74.348
51.8778
45.3525
44.6736
45.2525
44.1571
51.523
60.3051
80.9959
95.1071
122.081
117.514
110.686
124.663
116.775
107.877
109.429
98.8191
119.754
115.167
85.5548
98.9735
69.8425
73.8845
55.9492
46.4039
46.2375
44.1727
45.8382
49.8379
50.6585
70.0047
91.6964
94.0714
131.356
116.697
119.114
114.722
117.25
108.755
113.495
107.739
125.18
118.301
117.1
116.179
90.5665
80.2538
62.6401
48.0832
45.561
55.8322
44.3825
44.1168
46.4819
67.4587
86.1598
104.224
133.829
119.551
128.638
144.091
118.778
116.382
124.32
128.501
124.293
123.573
119.995
135.286
84.2415
69.3483
68.9094
52.979
46.3138
45.1777
45.6615
52.8371
58.2215
50.4956
71.9362
95.6104
121.456
152.651
150.387
148.44
136.921
130.663
124.588
111.341
127.158
138.089
100.454
109.413
90.2841
80.0021
65.2141
47.9479
47.062
45.0026
45.2231
44.0487
57.5206
48.2657
77.0285
85.3631
102.85
110.969
130.806
125.194
117.024
129.054
114.942
110.975
111.158
122.457
108.667
83.2715
78.7945
73.9557
66.8429
51.4864
46.145
44.801
44.878
44.3864
48.5754
72.6151
89.2817
109.109
135.083
135.127
134.788
130.902
126.61
116.392
129.908
125.58
133.555
125.829
124.803
124.501
92.2485
76.378
62.9994
49.9396
46.7142
44.933
44.6588
55.3289
46.8452
67.1013
81.3842
99.6412
130.985
127.116
122.837
149.241
126.617
132.487
120.27
130.325
131.529
131.632
120.135
127.814
90.538
75.2492
55.6596
50.6948
45.9508
45.1297
45.853
54.772
46.2837
75.6557
94.2757
113.72
134.818
122.959
139.931
147.886
134.27
138.143
132.132
126.416
138.933
131.797
126.015
123.818
94.9436
71.6534
74.0953
51.0098
45.9142
44.3246
44.595
44.2893
49.2436
77.1761
91.0581
100.64
124.55
145.648
132.558
153.954
130.377
126.028
133.833
125.056
133.759
116.255
125.726
129.412
82.5032
87.112
61.2318
49.3289
46.2875
44.7588
45.1357
54.7449
46.0753
79.4071
93.6143
105.19
131.087
135.345
135.622
144.794
141.608
131.618
142.672
131.079
144.421
131.218
117.848
135.815
88.3518
84.8065
60.6021
49.3325
51.3974
50.4151
45.2872
49.4617
47.0499
57.2491
67.9628
90.0578
118.115
148.72
165.625
154.561
149.545
145.77
140.879
142.514
141.976
144.788
117.68
94.9516
93.9587
66.8056
65.0468
48.4368
46.2251
46.3746
59.1026
54.6949
45.3524
49.3567
68.9348
86.0122
106.28
123.537
116.693
134.656
127.818
121.841
125.805
109.537
111.275
118.373
104.285
112.686
91.0905
75.871
62.4597
50.9217
47.1135
44.6739
45.1395
54.316
46.202
74.1706
93.802
101.267
128.619
118.813
126.95
125.611
117.765
109.518
112.941
115.891
124.536
115.747
126.295
109.163
90.1895
76.5779
61.2662
48.9485
47.2952
45.377
44.6264
44.4638
57.1799
70.4094
83.7901
102.35
114.905
120.679
127.112
117.687
125.452
116.373
121.2
125.023
123.559
125.794
111.291
115.425
85.268
76.6259
59.4503
48.5448
46.2742
55.0229
44.9775
43.7022
47.7479
70.6471
86.6084
113.704
123.158
141.685
115.95
136.102
105.192
113.377
115.272
123.023
127.573
111.722
124.626
128.412
92.1429
73.5205
69.3749
54.2484
47.8951
44.8283
45.1837
43.7837
59.4617
65.2486
77.2956
95.5041
132.668
135.159
132.436
124.444
101.583
103.995
97.1369
110.688
124.612
130.197
75.8797
92.3099
84.1403
69.0638
70.2555
46.5334
46.0194
45.1817
45.3809
43.9367
68.1921
62.2617
90.8264
113.875
126.496
164.615
135.217
152.327
139.993
137.752
106.895
132.928
150.762
139.793
117.835
116.417
93.4644
79.6509
61.8115
47.8356
45.3162
56.6498
47.0828
49.0013
47.0875
60.7898
78.05
89.0345
117.415
136.522
139.902
144.196
127.911
137.395
120.555
104.527
122.51
131.438
113.11
102.548
85.2001
75.8602
76.9332
56.9072
47.1219
46.8901
47.6329
50.6475
60.9429
51.5908
56.6619
84.4914
90.9619
111.318
101.027
110.689
102.098
90.3184
95.3255
85.506
100.627
110.378
110.084
91.8406
103.888
70.4691
64.8617
50.04
46.6016
45.1988
45.0138
43.7207
66.9643
62.2458
89.4088
106.79
132.101
137.398
115.46
137.607
112.51
103.119
114.812
110.065
128.185
125.179
126.349
106.868
96.1097
90.0863
56.5074
54.3976
48.8279
48.1306
48.9974
62.1536
51.9817
79.5389
95.055
98.8635
112.957
118.803
118.224
118.175
106.117
96.0154
112.114
107.929
128.472
118.422
126.317
120.831
84.3425
80.3639
58.0135
57.1522
50.0274
60.079
54.7478
51.0746
55.6725
82.9012
92.9254
114.349
129.682
122.431
128.231
121.397
113.826
98.9826
118.04
115.478
130.244
122.519
119.186
118.751
85.5886
88.7795
68.6104
69.6113
54.624
50.2474
52.1445
52.0127
55.3889
109.85
95.7455
112.504
127.483
133.237
116.33
133.708
100.617
111.757
100.447
123.028
115.313
118.414
137.568
117.873
100.601
86.9355
82.027
51.5232
51.0737
49.7258
54.0831
50.4808
52.9041
84.8658
94.6783
118.977
135.806
139.624
124.822
118.81
96.354
90.6045
110.008
104.569
122.941
112.634
125.273
131.235
86.7608
86.3787
66.4119
49.7158
57.2674
47.1008
58.4327
54.7126
46.771
71.6109
66.7331
97.7842
116.284
149.809
137.669
136.518
118.735
114.814
105.374
127.023
123.201
131.672
123.111
109.869
110.918
77.7769
81.7131
74.6872
52.7822
52.3218
54.4018
57.4003
53.9581
77.2395
74.7726
101.296
104.546
109.272
114.858
112.22
103.33
104.959
99.5735
96.5721
109.421
126.513
102.646
107.632
98.4062
67.4749
67.2989
50.9501
48.9539
47.8668
49.4992
47.8276
61.5912
65.2261
95.086
114.774
127.787
120.168
122.881
125.929
109.097
93.0211
108.834
110.23
116.883
115.254
130.478
114.754
102.453
70.7999
72.468
54.5631
49.2319
47.2729
47.3245
46.1032
62.0689
68.8768
93.2891
113.556
133.372
114.239
115.901
105.823
111.164
104.585
113.297
120.731
123.749
127.787
121.608
127.272
84.2648
91.6919
66.0564
49.8759
48.4416
49.678
52.7872
62.788
49.6234
76.3939
92.6451
104.749
100.243
118.925
114.496
100.148
114.006
98.3332
118.229
110.064
132.075
121.415
116.776
138.079
88.7098
86.9066
62.0206
50.7252
47.3236
58.8839
48.6804
45.9812
50.2004
83.7406
91.6841
111.093
126.432
135.928
134.679
151.343
125.267
125.244
126.52
144.883
125.882
143.455
122.491
133.995
84.5941
89.9861
60.7732
48.3389
47.7846
46.1394
46.6818
56.3646
46.535
77.1671
97.078
109.405
121.777
127.759
130.588
115.913
134.616
122.662
134.153
132.873
141.932
119.973
114.687
136.946
90.5728
81.9358
65.96
53.176
46.5428
46.6951
59.8699
53.0427
46.4423
51.5616
73.9259
90.2202
103.915
134.895
116.206
138.343
119.018
126.659
102.969
118.069
113.587
129.925
98.3403
104.223
85.7494
81.1298
64.1317
50.6033
46.3966
46.7751
45.9291
57.1443
46.5151
48.9994
79.4235
69.7723
89.0828
113.951
116.672
128.007
108.745
127.508
98.2234
121.366
98.4089
124.32
97.7099
101.409
99.7606
63.9792
61.9769
52.952
47.0774
45.8439
46.6677
45.7085
52.163
79.8554
92.9511
120.938
127.361
130.943
126.793
153.068
124.594
129.138
128.813
138.138
123.124
130.236
111.934
127.739
87.3115
82.954
59.5406
51.4269
46.2264
45.0743
46.3694
54.3254
46.5182
76.5149
86.7329
104.116
122.864
116.335
132.804
136.065
121.974
114.873
126.923
127.334
131.392
132.964
118.029
129.621
92.842
85.3035
67.163
52.3774
47.2029
46.1626
46.0464
59.8774
45.7712
72.8627
90.4029
111.331
123.179
135.132
132.543
138.786
123.409
115.61
121.496
126.499
133.716
132.315
115.158
132.208
88.488
79.3951
57.4521
54.0166
47.0653
50.078
57.7411
48.8873
48.2445
75.1317
93.7189
109.051
121.986
122.13
138.39
119.799
123.304
115.304
124.133
121.951
133.332
119.489
130.307
123.903
93.8818
69.6196
73.9625
50.5103
46.5438
44.2585
44.8747
45.9341
61.8267
59.9172
88.7654
105.587
144.003
144.206
135.212
115.942
125.159
121.774
129.075
139.363
119.799
127.843
120.336
126.981
89.7635
97.7923
64.0565
57.4353
53.2302
46.4702
46.2267
50.9426
47.5176
68.664
72.9417
99.4763
122.868
145.893
144.416
146.78
138.712
134.023
138.518
136.229
121.976
130.504
114.043
99.87
88.7602
66.8111
70.9816
56.0891
47.6151
47.2171
46.8502
50.8388
59.4139
48.3245
69.5249
80.7721
94.6202
135.046
113.603
136.034
101.569
108.192
93.3189
112.127
104.169
125.003
104.966
92.3724
99.6657
71.6834
61.6488
47.3939
46.0323
45.1023
45.1228
44.0701
57.719
68.1327
91.9659
106.131
136.313
120.204
121.201
125.351
109.98
102.326
112.317
129.49
118.443
129.074
113.24
125.694
95.1285
73.3478
62.5437
52.5353
47.1372
48.0805
47.4224
46.4986
54.9624
81.2204
90.716
104.275
115.868
142.617
114.494
110.329
108.564
99.2408
111.878
112.445
121.753
116.775
127.637
105.238
100.938
80.8315
66.207
53.2499
49.943
50.4597
51.5739
51.2031
67.6043
88.1116
100.961
112.662
125.96
127.808
115.656
126.782
114.143
99.8396
115.271
110.966
124.627
117.089
128.731
105.318
97.0837
68.4516
74.139
51.4233
50.3516
51.9425
50.6029
50.9618
71.9283
63.8074
95.0694
110.612
119.062
95.666
119.414
106.72
112.505
107.429
119.975
128.263
115.535
124.592
124.69
122.41
91.5987
77.3544
69.2987
54.6905
50.4527
48.8717
50.1204
49.5304
73.6092
69.8207
85.382
97.0484
123.987
133.751
132.247
102.116
102.528
103.569
89.6064
102.5
116.533
110.108
84.6359
94.6452
82.1003
62.219
68.1887
56.324
50.1079
49.0365
50.4442
55.5566
50.7821
56.3883
82.441
87.6531
110.35
128.236
123.365
130.688
106.442
122.269
111.843
98.4477
124.879
119.769
106.843
105.177
97.685
63.4045
75.5347
52.6023
48.0853
46.8464
47.4317
48.7103
47.6217
60.8227
83.0372
83.9379
102.635
113.459
118.711
117.545
90.5177
113.416
99.541
94.4979
102.561
120.162
92.8632
94.5884
78.6215
71.9295
60.2716
48.8752
48.0154
57.4342
49.6967
47.7351
47.9568
78.0329
94.0449
108.28
126.68
111.874
114.887
93.9423
108.795
95.1495
112.301
114.448
129.336
121.397
119.136
120.642
78.181
96.8623
67.2569
51.1591
47.2013
46.2256
58.993
46.0908
47.8676
76.7284
92.5005
109.341
127.507
122.425
117.42
122.943
90.5854
107
93.6947
117.026
117.121
128.636
111.938
131.511
90.6359
86.099
70.0373
62.9412
47.2146
46.4321
46.8712
46.1803
51.0211
81.9086
97.2298
113.695
127.841
136.52
122.716
134.211
96.6093
99.981
103.713
121.307
126.458
114.493
123.428
137.253
82.2344
92.7652
79.1883
49.7481
47.8996
46.0688
48.3258
58.2608
48.5088
74.5392
91.3931
117.79
135.568
133.17
119.216
115.075
104.904
106.411
106.863
112.729
132.371
118.437
134.479
119.054
103.905
94.2767
67.2851

