#,MeterName,EndUseType,SpecificEndUse,FuelType,Frequency
0,"HeatRecovery:DistrictHeatingWater","HeatRecovery","","DistrictHeating","Hourly",unknown
1,"ComplianceLtg:InteriorLights:Electricity","InteriorLights","ComplianceLtg","Electricity","Hourly",success,4.52313e+10
1,"HeatRejection:NaturalGas","HeatRejection","","Gas","Hourly",error retrieving TimeSeries
1,"WaterSystems:DistrictCooling","WaterSystems","","DistrictCooling","Hourly",unknown
1,"Electricity:Facility","enduse uninitialized","","Electricity","Hourly",unknown
2,"InteriorLights:Electricity","InteriorLights","","Electricity","Hourly",success,4.67336e+10
2,"ExteriorLights:Electricity","ExteriorLights","","Electricity","Hourly",error retrieving TimeSeries
3,"InteriorEquipment:Electricity","InteriorEquipment","","Electricity","Hourly",success,2.193e+11
3,"ExteriorEquipment:Electricity","ExteriorEquipment","","Electricity","Hourly",error retrieving TimeSeries
4,"Fans:Electricity","Fans","","Electricity","Hourly",success,1.11827e+11
4,"Pumps:Electricity","Pumps","","Electricity","Hourly",error retrieving TimeSeries
5,"Heating:Electricity","Heating","","Electricity","Hourly",success,6.47578e+09
6,"Cooling:Electricity","Cooling","","Electricity","Hourly",success,1.07023e+11
6,"HeatRejection:Electricity","HeatRejection","","Electricity","Hourly",error retrieving TimeSeries
6,"Humidifier:Electricity","Humidifier","","Electricity","Hourly",error retrieving TimeSeries
7,"HeatRecovery:Electricity","HeatRecovery","","Electricity","Hourly",success,0
7,"WaterSystems:Electricity","WaterSystems","","Electricity","Hourly",error retrieving TimeSeries
7,"Cogeneration:Electricity","Cogeneration","","Electricity","Hourly",error retrieving TimeSeries
7,"Refrigeration:Electricity","Refrigeration","","Electricity","Hourly",error retrieving TimeSeries
7,"Chillers:Electricity","not found","","Electricity","Hourly",unknown
7,"NaturalGas:Facility","enduse uninitialized","","Gas","Hourly",unknown
7,"InteriorLights:NaturalGas","InteriorLights","","Gas","Hourly",error retrieving TimeSeries
7,"ExteriorLights:NaturalGas","ExteriorLights","","Gas","Hourly",error retrieving TimeSeries
7,"InteriorEquipment:NaturalGas","InteriorEquipment","","Gas","Hourly",error retrieving TimeSeries
7,"ExteriorEquipment:NaturalGas","ExteriorEquipment","","Gas","Hourly",error retrieving TimeSeries
7,"Fans:NaturalGas","Fans","","Gas","Hourly",error retrieving TimeSeries
7,"Pumps:NaturalGas","Pumps","","Gas","Hourly",error retrieving TimeSeries
7,"Heating:NaturalGas","Heating","","Gas","Hourly",error retrieving TimeSeries
7,"Cooling:NaturalGas","Cooling","","Gas","Hourly",error retrieving TimeSeries
7,"Humidifier:NaturalGas","Humidifier","","Gas","Hourly",error retrieving TimeSeries
7,"HeatRecovery:NaturalGas","HeatRecovery","","Gas","Hourly",error retrieving TimeSeries
7,"WaterSystems:NaturalGas","WaterSystems","","Gas","Hourly",error retrieving TimeSeries
7,"Cogeneration:NaturalGas","Cogeneration","","Gas","Hourly",error retrieving TimeSeries
7,"Refrigeration:NaturalGas","Refrigeration","","Gas","Hourly",error retrieving TimeSeries
7,"Process:InteriorEquipment:NaturalGas","InteriorEquipment","Process","Gas","Hourly",error retrieving TimeSeries
7,"Chillers:NaturalGas","not found","","Gas","Hourly",unknown
7,"Coal:Facility","enduse uninitialized","","not found","Hourly",unknown
7,"InteriorLights:Coal","InteriorLights","","not found","Hourly",unknown
7,"ExteriorLights:Coal","ExteriorLights","","not found","Hourly",unknown
7,"InteriorEquipment:Coal","InteriorEquipment","","not found","Hourly",unknown
7,"ExteriorEquipment:Coal","ExteriorEquipment","","not found","Hourly",unknown
7,"Fans:Coal","Fans","","not found","Hourly",unknown
7,"Pumps:Coal","Pumps","","not found","Hourly",unknown
7,"Heating:Coal","Heating","","not found","Hourly",unknown
7,"Cooling:Coal","Cooling","","not found","Hourly",unknown
7,"HeatRejection:Coal","HeatRejection","","not found","Hourly",unknown
7,"Humidifier:Coal","Humidifier","","not found","Hourly",unknown
7,"HeatRecovery:Coal","HeatRecovery","","not found","Hourly",unknown
7,"WaterSystems:Coal","WaterSystems","","not found","Hourly",unknown
7,"Cogeneration:Coal","Cogeneration","","not found","Hourly",unknown
7,"Refrigeration:Coal","Refrigeration","","not found","Hourly",unknown
7,"Chillers:Coal","not found","","not found","Hourly",unknown
7,"DistrictCooling:Facility","enduse uninitialized","","DistrictCooling","Hourly",unknown
7,"InteriorLights:DistrictCooling","InteriorLights","","DistrictCooling","Hourly",unknown
7,"ExteriorLights:DistrictCooling","ExteriorLights","","DistrictCooling","Hourly",unknown
7,"InteriorEquipment:DistrictCooling","InteriorEquipment","","DistrictCooling","Hourly",unknown
7,"ExteriorEquipment:DistrictCooling","ExteriorEquipment","","DistrictCooling","Hourly",unknown
7,"Fans:DistrictCooling","Fans","","DistrictCooling","Hourly",unknown
7,"Pumps:DistrictCooling","Pumps","","DistrictCooling","Hourly",unknown
7,"Heating:DistrictCooling","Heating","","DistrictCooling","Hourly",unknown
7,"Cooling:DistrictCooling","Cooling","","DistrictCooling","Hourly",unknown
7,"HeatRejection:DistrictCooling","HeatRejection","","DistrictCooling","Hourly",unknown
7,"Humidifier:DistrictCooling","Humidifier","","DistrictCooling","Hourly",unknown
7,"HeatRecovery:DistrictCooling","HeatRecovery","","DistrictCooling","Hourly",unknown
7,"Cogeneration:DistrictCooling","Cogeneration","","DistrictCooling","Hourly",unknown
7,"Refrigeration:DistrictCooling","Refrigeration","","DistrictCooling","Hourly",unknown
7,"Chillers:DistrictCooling","not found","","DistrictCooling","Hourly",unknown
7,"DistrictHeatingWater:Facility","enduse uninitialized","","DistrictHeating","Hourly",unknown
7,"InteriorLights:DistrictHeatingWater","InteriorLights","","DistrictHeating","Hourly",unknown
7,"ExteriorLights:DistrictHeatingWater","ExteriorLights","","DistrictHeating","Hourly",unknown
7,"InteriorEquipment:DistrictHeatingWater","InteriorEquipment","","DistrictHeating","Hourly",unknown
7,"ExteriorEquipment:DistrictHeatingWater","ExteriorEquipment","","DistrictHeating","Hourly",unknown
7,"Fans:DistrictHeatingWater","Fans","","DistrictHeating","Hourly",unknown
7,"Pumps:DistrictHeatingWater","Pumps","","DistrictHeating","Hourly",unknown
7,"Heating:DistrictHeatingWater","Heating","","DistrictHeating","Hourly",unknown
7,"Cooling:DistrictHeatingWater","Cooling","","DistrictHeating","Hourly",unknown
7,"HeatRejection:DistrictHeatingWater","HeatRejection","","DistrictHeating","Hourly",unknown
7,"Humidifier:DistrictHeatingWater","Humidifier","","DistrictHeating","Hourly",unknown
7,"WaterSystems:DistrictHeatingWater","WaterSystems","","DistrictHeating","Hourly",unknown
7,"Cogeneration:DistrictHeatingWater","Cogeneration","","DistrictHeating","Hourly",unknown
7,"Refrigeration:DistrictHeatingWater","Refrigeration","","DistrictHeating","Hourly",unknown
7,"Chillers:DistrictHeatingWater","not found","","DistrictHeating","Hourly",unknown
8,"Receptacle:InteriorEquipment:Electricity","InteriorEquipment","Receptacle","Electricity","Hourly",success,2.193e+11
8,"Process:InteriorEquipment:Electricity","InteriorEquipment","Process","Electricity","Hourly",error retrieving TimeSeries
8,"Refrig:InteriorEquipment:Electricity","InteriorEquipment","Refrig","Electricity","Hourly",error retrieving TimeSeries
8,"Internal Transport:InteriorEquipment:Electricity","InteriorEquipment","Internal Transport","Electricity","Hourly",error retrieving TimeSeries
8,"Receptacle:ExteriorEquipment:Electricity","not found","Receptacle","Electricity","Hourly",unknown
8,"Process:ExteriorEquipment:Electricity","not found","Process","Electricity","Hourly",unknown
8,"Refrig:ExteriorEquipment:Electricity","not found","Refrig","Electricity","Hourly",unknown
8,"Receptacle:InteriorEquipment:NaturalGas","InteriorEquipment","Receptacle","Gas","Hourly",error retrieving TimeSeries
8,"Receptacle:ExteriorEquipment:NaturalGas","not found","Receptacle","Gas","Hourly",unknown
8,"Process:ExteriorEquipment:NaturalGas","not found","Process","Gas","Hourly",unknown
9,"NonComplianceLtg:InteriorLights:Electricity","InteriorLights","NonComplianceLtg","Electricity","Hourly",success,1.50228e+09
9,"Reg Ltg:ExteriorLights:Electricity","not found","Reg Ltg","Electricity","Hourly",unknown
9,"NonReg Ltg:ExteriorLights:Electricity","not found","NonReg Ltg","Electricity","Hourly",unknown
10,"ProcessMotors:Fans:Electricity","Fans","ProcessMotors","Electricity","Hourly",success,1.7324e+09
