; Tables for Std model AutoHardSize capacity look-up rules
TABLE EX03_MF88_Central-WSHP_CZ0925TrmlUnit
PropName,BaseName,Type,System,Zone,PriAirFlowMax,PriAirFlowMin,HtgAirFlowMax,ReheatCtrlMthd
;,,,,,(cfm),(cfm),( cfm)
,"BaseVAV TrmlUnit-7","VAVReheatBox","BaseSys5 F1","Thermal Zone: F1 Retail N-NW",5985.000,1526.175,2992.500,"DualMaximum"
,"BaseVAV TrmlUnit-8","VAVReheatBox","BaseSys5 F1","Thermal Zone: F1 Retail NE",4320.000,1101.600,2160.000,"DualMaximum"
,"BaseVAV TrmlUnit-9","VAVReheatBox","BaseSys5 F1","Thermal Zone: F1 Retail SE",2880.000,734.400,1440.000,"DualMaximum"
,"BaseVAV TrmlUnit-10","VAVReheatBox","BaseSys5 F1","Thermal Zone: F1 Retail SW",4428.000,1129.140,2214.000,"DualMaximum"
,"F1 Business Cent TrmlUnit","Uncontrolled","F1 Business Cent AirSys","F1 Business Center",292.448,-99996.000,-99996.000,""
,"F1 Corridor TrmlUnit","Uncontrolled","F1 Corridor AirSys","F1 Corridor",390.036,-99996.000,-99996.000,""
,"F1 Fitness Cente TrmlUnit","Uncontrolled","F1 Fitness Cente AirSys","F1 Fitness Center",375.917,-99996.000,-99996.000,""
,"F1 Leasing Offic TrmlUnit","Uncontrolled","F1 Leasing Offic AirSys","F1 Leasing Office",252.931,-99996.000,-99996.000,""
,"F1 Lobby TrmlUnit","Uncontrolled","F1 Lobby AirSys","F1 Lobby",354.476,-99996.000,-99996.000,""
,"F1 Stairs E TrmlUnit","Uncontrolled","F1 Stairs E AirSys","F1 Stairs E",104.925,-99996.000,-99996.000,""
,"F1 Stairs W TrmlUnit","Uncontrolled","F1 Stairs W AirSys","F1 Stairs W",115.683,-99996.000,-99996.000,""
,"F2 Corridor TrmlUnit","Uncontrolled","F2 Corridor AirSys","F2 Corridor",403.650,-99996.000,-99996.000,""
,"F2 Break Room TrmlUnit","Uncontrolled","F2 Break Room AirSys","F2 Break Room",139.801,-99996.000,-99996.000,""
,"F2 Stairs E TrmlUnit","Uncontrolled","F2 Stairs E AirSys","F2 Stairs E",31.050,-99996.000,-99996.000,""
,"F2 Stairs W TrmlUnit","Uncontrolled","F2 Stairs W AirSys","F2 Stairs W",31.050,-99996.000,-99996.000,""
,"F3 Corridor TrmlUnit","Uncontrolled","F3 Corridor AirSys","F3 Corridor",403.650,-99996.000,-99996.000,""
,"F3 Break Room TrmlUnit","Uncontrolled","F3 Break Room AirSys","F3 Break Room",140.286,-99996.000,-99996.000,""
,"F3 Stairs E TrmlUnit","Uncontrolled","F3 Stairs E AirSys","F3 Stairs E",31.050,-99996.000,-99996.000,""
,"F3 Stairs W TrmlUnit","Uncontrolled","F3 Stairs W AirSys","F3 Stairs W",31.050,-99996.000,-99996.000,""
,"F4 Corridor TrmlUnit","Uncontrolled","F4 Corridor AirSys","F4 Corridor",403.650,-99996.000,-99996.000,""
,"F4 Break Room TrmlUnit","Uncontrolled","F4 Break Room AirSys","F4 Break Room",140.277,-99996.000,-99996.000,""
,"F4 Stairs E TrmlUnit","Uncontrolled","F4 Stairs E AirSys","F4 Stairs E",31.050,-99996.000,-99996.000,""
,"F4 Stairs W TrmlUnit","Uncontrolled","F4 Stairs W AirSys","F4 Stairs W",31.050,-99996.000,-99996.000,""
,"F5 Corridor TrmlUnit","Uncontrolled","F5 Corridor AirSys","F5 Corridor",403.650,-99996.000,-99996.000,""
,"F5 Break Room TrmlUnit","Uncontrolled","F5 Break Room AirSys","F5 Break Room",149.377,-99996.000,-99996.000,""
,"F5 Stairs E TrmlUnit","Uncontrolled","F5 Stairs E AirSys","F5 Stairs E",51.515,-99996.000,-99996.000,""
,"F5 Stairs W TrmlUnit","Uncontrolled","F5 Stairs W AirSys","F5 Stairs W",53.124,-99996.000,-99996.000,""
ENDTABLE
TABLE EX03_MF88_Central-WSHP_CZ0925CoilClg
PropName,BaseName,Type,System,Zone,CapTotNetRtd,CapTotGrossRtd,FluidFlowRtDsgn,DXSEER,DXEER,NumClgStages
;,,,,,(Btu/hr),(Btu/hr),( gpm),
,"BaseSys5 CoilClg","DirectExpansion","BaseSys5 F1","UNDEFINED",528390.000,551274.891,-99996.00000,-99996.000,9.800,2
,"F1 Business Cent ClgCoil","DirectExpansion","F1 Business Cent AirSys","n/a",12013.206,12533.505,-99996.00000,15.053,11.956,1
,"F1 Corridor ClgCoil","DirectExpansion","F1 Corridor AirSys","n/a",16021.922,16715.841,-99996.00000,15.053,11.956,1
,"F1 Fitness Cente ClgCoil","DirectExpansion","F1 Fitness Cente AirSys","n/a",15441.913,16110.711,-99996.00000,15.053,11.956,1
,"F1 Leasing Offic ClgCoil","DirectExpansion","F1 Leasing Offic AirSys","n/a",9497.821,9909.178,-99996.00000,15.053,11.956,1
,"F1 Lobby ClgCoil","DirectExpansion","F1 Lobby AirSys","n/a",14561.175,15191.829,-99996.00000,15.053,11.956,1
,"F1 Stairs E ClgCoil","DirectExpansion","F1 Stairs E AirSys","n/a",4310.111,4496.784,-99996.00000,15.053,11.956,1
,"F1 Stairs W ClgCoil","DirectExpansion","F1 Stairs W AirSys","n/a",4752.034,4957.847,-99996.00000,15.053,11.956,1
,"F2 Corridor ClgCoil","DirectExpansion","F2 Corridor AirSys","n/a",16581.146,17299.286,-99996.00000,15.053,11.956,1
,"F2 Break Room ClgCoil","DirectExpansion","F2 Break Room AirSys","n/a",5742.745,5991.467,-99996.00000,15.053,11.956,1
,"F2 Stairs E ClgCoil","DirectExpansion","F2 Stairs E AirSys","n/a",1275.473,1330.714,-99996.00000,15.053,11.956,1
,"F2 Stairs W ClgCoil","DirectExpansion","F2 Stairs W AirSys","n/a",1275.473,1330.714,-99996.00000,15.053,11.956,1
,"F3 Corridor ClgCoil","DirectExpansion","F3 Corridor AirSys","n/a",16581.146,17299.286,-99996.00000,15.053,11.956,1
,"F3 Break Room ClgCoil","DirectExpansion","F3 Break Room AirSys","n/a",5762.681,6012.266,-99996.00000,15.053,11.956,1
,"F3 Stairs E ClgCoil","DirectExpansion","F3 Stairs E AirSys","n/a",1275.473,1330.714,-99996.00000,15.053,11.956,1
,"F3 Stairs W ClgCoil","DirectExpansion","F3 Stairs W AirSys","n/a",1275.473,1330.714,-99996.00000,15.053,11.956,1
,"F4 Corridor ClgCoil","DirectExpansion","F4 Corridor AirSys","n/a",16581.146,17299.286,-99996.00000,15.053,11.956,1
,"F4 Break Room ClgCoil","DirectExpansion","F4 Break Room AirSys","n/a",5762.303,6011.871,-99996.00000,15.053,11.956,1
,"F4 Stairs E ClgCoil","DirectExpansion","F4 Stairs E AirSys","n/a",1275.473,1330.714,-99996.00000,15.053,11.956,1
,"F4 Stairs W ClgCoil","DirectExpansion","F4 Stairs W AirSys","n/a",1275.473,1330.714,-99996.00000,15.053,11.956,1
,"F5 Corridor ClgCoil","DirectExpansion","F5 Corridor AirSys","n/a",16581.146,17299.286,-99996.00000,15.053,11.956,1
,"F5 Break Room ClgCoil","DirectExpansion","F5 Break Room AirSys","n/a",6136.111,6401.869,-99996.00000,15.053,11.956,1
,"F5 Stairs E ClgCoil","DirectExpansion","F5 Stairs E AirSys","n/a",2116.151,2207.803,-99996.00000,15.053,11.956,1
,"F5 Stairs W ClgCoil","DirectExpansion","F5 Stairs W AirSys","n/a",2182.211,2276.724,-99996.00000,15.053,11.956,1
ENDTABLE
TABLE EX03_MF88_Central-WSHP_CZ0925CoilHtg
PropName,BaseName,Type,System,Zone,CapTotNetRtd,CapTotGrossRtd,FluidFlowRtDsgn,FurnAFUE,FurnThrmlEff,
;,,,,,(Btu/hr),(Btu/hr),( gpm),
,"BaseSys5 CoilHtg","HotWater","BaseSys5 F1","UNDEFINED",96378.336,96378.336,4.81709,-99996.000,-99996.000
,"BaseVAVBox CoilHtg-7","HotWater","BaseSys5 F1","Thermal Zone: F1 Retail N-NW",102343.500,102343.500,5.11523,-99996.000,-99996.000
,"BaseVAVBox CoilHtg-8","HotWater","BaseSys5 F1","Thermal Zone: F1 Retail NE",73872.000,73872.000,3.69220,-99996.000,-99996.000
,"BaseVAVBox CoilHtg-9","HotWater","BaseSys5 F1","Thermal Zone: F1 Retail SE",49248.000,49248.000,2.46146,-99996.000,-99996.000
,"BaseVAVBox CoilHtg-10","HotWater","BaseSys5 F1","Thermal Zone: F1 Retail SW",75718.800,75718.800,3.78450,-99996.000,-99996.000
,"F1 Business Cent HtgCoil","HeatPump","F1 Business Cent AirSys","n/a",13053.804,12533.505,0.00000,-99996.000,-99996.000
,"F1 Business Cent HPSuppHtgCoil","Resistance","F1 Business Cent AirSys","n/a",14149.750,14149.750,0.00000,-99996.000,-99996.000
,"F1 Corridor HtgCoil","HeatPump","F1 Corridor AirSys","n/a",17409.761,16715.841,0.00000,-99996.000,-99996.000
,"F1 Corridor HPSuppHtgCoil","Resistance","F1 Corridor AirSys","n/a",18315.125,18315.125,0.00000,-99996.000,-99996.000
,"F1 Fitness Cente HtgCoil","HeatPump","F1 Fitness Cente AirSys","n/a",16779.510,16110.711,0.00000,-99996.000,-99996.000
,"F1 Fitness Cente HPSuppHtgCoil","Resistance","F1 Fitness Cente AirSys","n/a",15029.375,15029.375,0.00000,-99996.000,-99996.000
,"F1 Leasing Offic HtgCoil","HeatPump","F1 Leasing Offic AirSys","n/a",10320.534,9909.178,0.00000,-99996.000,-99996.000
,"F1 Leasing Offic HPSuppHtgCoil","Resistance","F1 Leasing Offic AirSys","n/a",9112.350,9112.350,0.00000,-99996.000,-99996.000
,"F1 Lobby HtgCoil","HeatPump","F1 Lobby AirSys","n/a",15822.482,15191.829,0.00000,-99996.000,-99996.000
,"F1 Lobby HPSuppHtgCoil","Resistance","F1 Lobby AirSys","n/a",15209.500,15209.500,0.00000,-99996.000,-99996.000
,"F1 Stairs E HtgCoil","HeatPump","F1 Stairs E AirSys","n/a",4683.458,4496.784,0.00000,-99996.000,-99996.000
,"F1 Stairs E HPSuppHtgCoil","Resistance","F1 Stairs E AirSys","n/a",3846.200,3846.200,0.00000,-99996.000,-99996.000
,"F1 Stairs W HtgCoil","HeatPump","F1 Stairs W AirSys","n/a",5163.661,4957.847,0.00000,-99996.000,-99996.000
,"F1 Stairs W HPSuppHtgCoil","Resistance","F1 Stairs W AirSys","n/a",4147.288,4147.288,0.00000,-99996.000,-99996.000
,"F2 Corridor HtgCoil","HeatPump","F2 Corridor AirSys","n/a",18017.425,17299.286,0.00000,-99996.000,-99996.000
,"F2 Corridor HPSuppHtgCoil","Resistance","F2 Corridor AirSys","n/a",22548.000,22548.000,0.00000,-99996.000,-99996.000
,"F2 Break Room HtgCoil","HeatPump","F2 Break Room AirSys","n/a",6240.189,5991.467,0.00000,-99996.000,-99996.000
,"F2 Break Room HPSuppHtgCoil","Resistance","F2 Break Room AirSys","n/a",6897.988,6897.988,0.00000,-99996.000,-99996.000
,"F2 Stairs E HtgCoil","HeatPump","F2 Stairs E AirSys","n/a",1385.956,1330.714,0.00000,-99996.000,-99996.000
,"F2 Stairs E HPSuppHtgCoil","Resistance","F2 Stairs E AirSys","n/a",1734.462,1734.462,0.00000,-99996.000,-99996.000
,"F2 Stairs W HtgCoil","HeatPump","F2 Stairs W AirSys","n/a",1385.956,1330.714,0.00000,-99996.000,-99996.000
,"F2 Stairs W HPSuppHtgCoil","Resistance","F2 Stairs W AirSys","n/a",1734.462,1734.462,0.00000,-99996.000,-99996.000
,"F3 Corridor HtgCoil","HeatPump","F3 Corridor AirSys","n/a",18017.425,17299.286,0.00000,-99996.000,-99996.000
,"F3 Corridor HPSuppHtgCoil","Resistance","F3 Corridor AirSys","n/a",22548.000,22548.000,0.00000,-99996.000,-99996.000
,"F3 Break Room HtgCoil","HeatPump","F3 Break Room AirSys","n/a",6261.851,6012.266,0.00000,-99996.000,-99996.000
,"F3 Break Room HPSuppHtgCoil","Resistance","F3 Break Room AirSys","n/a",6911.237,6911.237,0.00000,-99996.000,-99996.000
,"F3 Stairs E HtgCoil","HeatPump","F3 Stairs E AirSys","n/a",1385.956,1330.714,0.00000,-99996.000,-99996.000
,"F3 Stairs E HPSuppHtgCoil","Resistance","F3 Stairs E AirSys","n/a",1734.462,1734.462,0.00000,-99996.000,-99996.000
,"F3 Stairs W HtgCoil","HeatPump","F3 Stairs W AirSys","n/a",1385.956,1330.714,0.00000,-99996.000,-99996.000
,"F3 Stairs W HPSuppHtgCoil","Resistance","F3 Stairs W AirSys","n/a",1734.462,1734.462,0.00000,-99996.000,-99996.000
,"F4 Corridor HtgCoil","HeatPump","F4 Corridor AirSys","n/a",18017.425,17299.286,0.00000,-99996.000,-99996.000
,"F4 Corridor HPSuppHtgCoil","Resistance","F4 Corridor AirSys","n/a",22548.000,22548.000,0.00000,-99996.000,-99996.000
,"F4 Break Room HtgCoil","HeatPump","F4 Break Room AirSys","n/a",6261.440,6011.871,0.00000,-99996.000,-99996.000
,"F4 Break Room HPSuppHtgCoil","Resistance","F4 Break Room AirSys","n/a",6910.975,6910.975,0.00000,-99996.000,-99996.000
,"F4 Stairs E HtgCoil","HeatPump","F4 Stairs E AirSys","n/a",1385.956,1330.714,0.00000,-99996.000,-99996.000
,"F4 Stairs E HPSuppHtgCoil","Resistance","F4 Stairs E AirSys","n/a",1734.462,1734.462,0.00000,-99996.000,-99996.000
,"F4 Stairs W HtgCoil","HeatPump","F4 Stairs W AirSys","n/a",1385.956,1330.714,0.00000,-99996.000,-99996.000
,"F4 Stairs W HPSuppHtgCoil","Resistance","F4 Stairs W AirSys","n/a",1734.462,1734.462,0.00000,-99996.000,-99996.000
,"F5 Corridor HtgCoil","HeatPump","F5 Corridor AirSys","n/a",18017.425,17299.286,0.00000,-99996.000,-99996.000
,"F5 Corridor HPSuppHtgCoil","Resistance","F5 Corridor AirSys","n/a",22548.000,22548.000,0.00000,-99996.000,-99996.000
,"F5 Break Room HtgCoil","HeatPump","F5 Break Room AirSys","n/a",6667.628,6401.869,0.00000,-99996.000,-99996.000
,"F5 Break Room HPSuppHtgCoil","Resistance","F5 Break Room AirSys","n/a",7161.137,7161.137,0.00000,-99996.000,-99996.000
,"F5 Stairs E HtgCoil","HeatPump","F5 Stairs E AirSys","n/a",2299.455,2207.803,0.00000,-99996.000,-99996.000
,"F5 Stairs E HPSuppHtgCoil","Resistance","F5 Stairs E AirSys","n/a",2348.213,2348.213,0.00000,-99996.000,-99996.000
,"F5 Stairs W HtgCoil","HeatPump","F5 Stairs W AirSys","n/a",2371.237,2276.724,0.00000,-99996.000,-99996.000
,"F5 Stairs W HPSuppHtgCoil","Resistance","F5 Stairs W AirSys","n/a",2392.800,2392.800,0.00000,-99996.000,-99996.000
ENDTABLE
TABLE EX03_MF88_Central-WSHP_CZ0925Fan
PropName,BaseName,CtrlMthd,System,Zone,FlowCap,FlowMin,FlowEff,ModelingMthd,TotStaticPress,MtrBHP,MtrHP,MtrPos,MtrEff,PwrIdx
;,,,,,(cfm),(cfm),,,(inH2O),(hp),(hp),,(W/cfm)
,"BaseSys5 Fan","VariableSpeedDrive","BaseSys5 F1","UNDEFINED",17613.000,4491.315,0.650,"PowerPerUnitFlow",4.898,20.917,25.000,"InAirStream",0.936,0.9460
,"F1 Business Cent SupFan","ConstantVolume","F1 Business Cent AirSys","n/a",292.448,-99996.000,0.650,"PowerPerUnitFlow",3.510,0.249,0.250,"InAirStream",0.855,0.7420
,"F1 Corridor SupFan","ConstantVolume","F1 Corridor AirSys","n/a",390.036,-99996.000,0.650,"PowerPerUnitFlow",3.510,0.332,0.500,"InAirStream",0.855,0.7420
,"F1 Fitness Cente SupFan","ConstantVolume","F1 Fitness Cente AirSys","n/a",375.917,-99996.000,0.650,"PowerPerUnitFlow",3.510,0.320,0.500,"InAirStream",0.855,0.7420
,"F1 Leasing Offic SupFan","ConstantVolume","F1 Leasing Offic AirSys","n/a",252.931,-99996.000,0.650,"PowerPerUnitFlow",3.510,0.215,0.250,"InAirStream",0.855,0.7420
,"F1 Lobby SupFan","ConstantVolume","F1 Lobby AirSys","n/a",354.476,-99996.000,0.650,"PowerPerUnitFlow",3.510,0.302,0.500,"InAirStream",0.855,0.7420
,"F1 Stairs E SupFan","ConstantVolume","F1 Stairs E AirSys","n/a",104.925,-99996.000,0.650,"PowerPerUnitFlow",3.510,0.089,0.125,"InAirStream",0.855,0.7420
,"F1 Stairs W SupFan","ConstantVolume","F1 Stairs W AirSys","n/a",115.683,-99996.000,0.650,"PowerPerUnitFlow",3.510,0.098,0.125,"InAirStream",0.855,0.7420
,"F2 Corridor SupFan","ConstantVolume","F2 Corridor AirSys","n/a",403.650,-99996.000,0.650,"PowerPerUnitFlow",3.510,0.343,0.500,"InAirStream",0.855,0.7420
,"F2 Break Room SupFan","ConstantVolume","F2 Break Room AirSys","n/a",139.801,-99996.000,0.650,"PowerPerUnitFlow",3.510,0.119,0.125,"InAirStream",0.855,0.7420
,"F2 Stairs E SupFan","ConstantVolume","F2 Stairs E AirSys","n/a",31.050,-99996.000,0.650,"PowerPerUnitFlow",3.510,0.026,0.083,"InAirStream",0.855,0.7420
,"F2 Stairs W SupFan","ConstantVolume","F2 Stairs W AirSys","n/a",31.050,-99996.000,0.650,"PowerPerUnitFlow",3.510,0.026,0.083,"InAirStream",0.855,0.7420
,"F3 Corridor SupFan","ConstantVolume","F3 Corridor AirSys","n/a",403.650,-99996.000,0.650,"PowerPerUnitFlow",3.510,0.343,0.500,"InAirStream",0.855,0.7420
,"F3 Break Room SupFan","ConstantVolume","F3 Break Room AirSys","n/a",140.286,-99996.000,0.650,"PowerPerUnitFlow",3.510,0.119,0.125,"InAirStream",0.855,0.7420
,"F3 Stairs E SupFan","ConstantVolume","F3 Stairs E AirSys","n/a",31.050,-99996.000,0.650,"PowerPerUnitFlow",3.510,0.026,0.083,"InAirStream",0.855,0.7420
,"F3 Stairs W SupFan","ConstantVolume","F3 Stairs W AirSys","n/a",31.050,-99996.000,0.650,"PowerPerUnitFlow",3.510,0.026,0.083,"InAirStream",0.855,0.7420
,"F4 Corridor SupFan","ConstantVolume","F4 Corridor AirSys","n/a",403.650,-99996.000,0.650,"PowerPerUnitFlow",3.510,0.343,0.500,"InAirStream",0.855,0.7420
,"F4 Break Room SupFan","ConstantVolume","F4 Break Room AirSys","n/a",140.277,-99996.000,0.650,"PowerPerUnitFlow",3.510,0.119,0.125,"InAirStream",0.855,0.7420
,"F4 Stairs E SupFan","ConstantVolume","F4 Stairs E AirSys","n/a",31.050,-99996.000,0.650,"PowerPerUnitFlow",3.510,0.026,0.083,"InAirStream",0.855,0.7420
,"F4 Stairs W SupFan","ConstantVolume","F4 Stairs W AirSys","n/a",31.050,-99996.000,0.650,"PowerPerUnitFlow",3.510,0.026,0.083,"InAirStream",0.855,0.7420
,"F5 Corridor SupFan","ConstantVolume","F5 Corridor AirSys","n/a",403.650,-99996.000,0.650,"PowerPerUnitFlow",3.510,0.343,0.500,"InAirStream",0.855,0.7420
,"F5 Break Room SupFan","ConstantVolume","F5 Break Room AirSys","n/a",149.377,-99996.000,0.650,"PowerPerUnitFlow",3.510,0.127,0.250,"InAirStream",0.855,0.7420
,"F5 Stairs E SupFan","ConstantVolume","F5 Stairs E AirSys","n/a",51.515,-99996.000,0.650,"PowerPerUnitFlow",3.510,0.044,0.083,"InAirStream",0.855,0.7420
,"F5 Stairs W SupFan","ConstantVolume","F5 Stairs W AirSys","n/a",53.124,-99996.000,0.650,"PowerPerUnitFlow",3.510,0.045,0.083,"InAirStream",0.855,0.7420
ENDTABLE
TABLE EX03_MF88_Central-WSHP_CZ0925OACtrl
PropName,BaseName,EconoCtrlMthd,System,EconoIntegration
;
,"BaseSys5 OACtrl","DifferentialDryBulb","BaseSys5 F1","Integrated"
,"F1 Business Cent OACtrl","NoEconomizer","F1 Business Cent AirSys","UNDEFINED"
,"F1 Corridor OACtrl","NoEconomizer","F1 Corridor AirSys","UNDEFINED"
,"F1 Fitness Cente OACtrl","NoEconomizer","F1 Fitness Cente AirSys","UNDEFINED"
,"F1 Leasing Offic OACtrl","NoEconomizer","F1 Leasing Offic AirSys","UNDEFINED"
,"F1 Lobby OACtrl","NoEconomizer","F1 Lobby AirSys","UNDEFINED"
,"F1 Stairs E OACtrl","NoEconomizer","F1 Stairs E AirSys","UNDEFINED"
,"F1 Stairs W OACtrl","NoEconomizer","F1 Stairs W AirSys","UNDEFINED"
,"F2 Corridor OACtrl","NoEconomizer","F2 Corridor AirSys","UNDEFINED"
,"F2 Break Room OACtrl","NoEconomizer","F2 Break Room AirSys","UNDEFINED"
,"F2 Stairs E OACtrl","NoEconomizer","F2 Stairs E AirSys","UNDEFINED"
,"F2 Stairs W OACtrl","NoEconomizer","F2 Stairs W AirSys","UNDEFINED"
,"F3 Corridor OACtrl","NoEconomizer","F3 Corridor AirSys","UNDEFINED"
,"F3 Break Room OACtrl","NoEconomizer","F3 Break Room AirSys","UNDEFINED"
,"F3 Stairs E OACtrl","NoEconomizer","F3 Stairs E AirSys","UNDEFINED"
,"F3 Stairs W OACtrl","NoEconomizer","F3 Stairs W AirSys","UNDEFINED"
,"F4 Corridor OACtrl","NoEconomizer","F4 Corridor AirSys","UNDEFINED"
,"F4 Break Room OACtrl","NoEconomizer","F4 Break Room AirSys","UNDEFINED"
,"F4 Stairs E OACtrl","NoEconomizer","F4 Stairs E AirSys","UNDEFINED"
,"F4 Stairs W OACtrl","NoEconomizer","F4 Stairs W AirSys","UNDEFINED"
,"F5 Corridor OACtrl","NoEconomizer","F5 Corridor AirSys","UNDEFINED"
,"F5 Break Room OACtrl","NoEconomizer","F5 Break Room AirSys","UNDEFINED"
,"F5 Stairs E OACtrl","NoEconomizer","F5 Stairs E AirSys","UNDEFINED"
,"F5 Stairs W OACtrl","NoEconomizer","F5 Stairs W AirSys","UNDEFINED"
ENDTABLE
